date,store_id,category,orders,gmv,stockout_minutes,avg_delivery_time,refund_rate,city,city_tier,business_district_type,store_size,opened_days,day_of_week,month,week_of_month,is_weekend,is_month_start,is_month_end,is_payday_window,is_holiday,campaign_id,promo_type,promo_depth,coupon_flag,rain_level,temperature_bin,traffic_index,event_flag,promo_flag,discount_rate,day_of_month,week_of_year,lag_1,lag_7,lag_14,rolling_mean_7,rolling_std_7,rolling_mean_28,promo_last_7d_count,stockout_last_7d_mean,days_since_last_promo
2024-01-01,S001,beverages,67,1108.67,43.39,36.56,0.0904,Wuhan,2,office,L,315,0,1,1,0,1,0,1,1,,,0.0,0.0,0.7008,hot,1.158,0,0,0.0,1,1,,,,,,,,,1.0
2024-01-02,S001,beverages,61,1096.37,33.94,31.27,0.0662,Wuhan,2,office,L,315,1,1,1,0,0,0,1,0,,,0.0,0.0,0.6996,hot,1.0447,0,0,0.0,2,1,67.0,,,,,,,,2.0
2024-01-03,S001,beverages,48,917.23,51.95,40.86,0.0743,Wuhan,2,office,L,315,2,1,1,0,0,0,1,0,,,0.0,0.0,0.7474,hot,1.1407,0,0,0.0,3,1,61.0,,,,,,,,3.0
2024-01-04,S001,beverages,84,1495.33,46.73,28.79,0.0883,Wuhan,2,office,L,315,3,1,1,0,0,0,0,0,C7235,coupon,0.215,1.0,0.8418,hot,1.1528,0,1,0.215,4,1,48.0,,,,,,,,4.0
2024-01-05,S001,beverages,46,864.5,33.76,43.99,0.0904,Wuhan,2,office,L,315,4,1,1,0,0,0,0,0,,,0.0,0.0,0.6935,hot,1.0233,0,0,0.0,5,1,84.0,,,,,,,,0.0
2024-01-06,S001,beverages,90,1465.71,27.59,37.8,0.0737,Wuhan,2,office,L,315,5,1,1,1,0,0,0,0,C5582,discount,0.25,0.0,0.5948,hot,0.9462,0,1,0.25,6,1,46.0,,,,,,,,1.0
2024-01-07,S001,beverages,55,1097.54,50.24,44.14,0.102,Wuhan,2,office,L,315,6,1,1,1,0,0,0,0,,,0.0,0.0,1.0,hot,0.9962,0,0,0.0,7,1,90.0,,,,,,,,0.0
2024-01-08,S001,beverages,70,1253.88,24.21,25.25,0.0589,Wuhan,2,office,L,315,0,1,2,0,0,0,0,0,,,0.0,0.0,0.5103,hot,1.1314,0,0,0.0,8,2,55.0,67.0,,64.42857142857143,17.096365528547707,,2.0,41.08571428571429,1.0
2024-01-09,S001,beverages,61,1148.21,29.13,33.0,0.084,Wuhan,2,office,L,315,1,1,2,0,0,0,0,0,,,0.0,0.0,0.5114,hot,0.9995,0,0,0.0,9,2,70.0,61.0,,64.85714285714286,17.208801734660586,,2.0,38.34571428571429,2.0
2024-01-10,S001,beverages,65,1106.76,20.35,35.56,0.0617,Wuhan,2,office,L,315,2,1,2,0,0,0,0,0,,,0.0,0.0,0.4406,hot,1.0451,0,0,0.0,10,2,61.0,48.0,,64.85714285714286,17.208801734660586,,2.0,37.65857142857143,3.0
2024-01-11,S001,beverages,51,934.09,35.54,41.16,0.0854,Wuhan,2,office,L,315,3,1,2,0,0,0,0,0,,,0.0,0.0,0.627,hot,1.0842,0,0,0.0,11,2,65.0,84.0,,67.28571428571429,15.553287816560262,,2.0,33.144285714285715,4.0
2024-01-12,S001,beverages,52,956.05,27.26,40.43,0.0783,Wuhan,2,office,L,315,4,1,2,0,0,0,0,0,,,0.0,0.0,0.6983,hot,1.1468,0,0,0.0,12,2,51.0,46.0,,62.57142857142857,14.615712354142977,,1.0,31.545714285714286,5.0
2024-01-13,S001,beverages,63,1141.22,18.53,39.09,0.055,Wuhan,2,office,L,315,5,1,2,1,0,0,0,0,,,0.0,0.0,0.7478,hot,0.8874,0,0,0.0,13,2,52.0,90.0,,63.42857142857143,13.624208146495986,,1.0,30.61714285714286,6.0
2024-01-14,S001,beverages,61,1115.1,24.27,36.45,0.073,Wuhan,2,office,L,315,6,1,2,1,0,0,0,0,,,0.0,0.0,0.5846,hot,0.992,1,0,0.0,14,2,63.0,55.0,,59.57142857142857,7.114706432386904,,0.0,29.322857142857146,7.0
2024-01-15,S001,beverages,48,894.69,47.8,35.43,0.0793,Wuhan,2,office,L,315,0,1,3,0,0,0,1,0,,,0.0,0.0,0.7725,mild,1.0968,0,0,0.0,15,3,61.0,70.0,67.0,60.42857142857143,6.827814263660634,,0.0,25.612857142857145,8.0
2024-01-16,S001,beverages,50,901.83,44.46,39.61,0.0733,Wuhan,2,office,L,315,1,1,3,0,0,0,1,0,,,0.0,0.0,0.8508,mild,1.0396,0,0,0.0,16,3,48.0,61.0,61.0,57.285714285714285,6.750661343263227,,0.0,28.982857142857142,9.0
2024-01-17,S001,beverages,50,876.03,35.58,33.03,0.0656,Wuhan,2,office,L,315,2,1,3,0,0,0,0,0,,,0.0,0.0,0.5758,mild,1.084,0,0,0.0,17,3,50.0,65.0,48.0,55.714285714285715,7.016986193380682,,0.0,31.172857142857143,10.0
2024-01-18,S001,beverages,44,867.88,31.76,45.73,0.0859,Wuhan,2,office,L,315,3,1,3,0,0,0,0,0,,,0.0,0.0,0.6468,mild,1.027,0,0,0.0,18,3,50.0,51.0,84.0,53.57142857142857,5.9120538692049145,,0.0,33.348571428571425,11.0
2024-01-19,S001,beverages,49,959.92,36.09,34.62,0.0659,Wuhan,2,office,L,315,4,1,3,0,0,0,0,0,,,0.0,0.0,0.6374,mild,1.0484,0,0,0.0,19,3,44.0,52.0,46.0,52.57142857142857,6.924765768773755,,0.0,32.808571428571426,12.0
2024-01-20,S001,beverages,59,1180.67,29.01,32.89,0.0736,Wuhan,2,office,L,315,5,1,3,1,0,0,0,0,,,0.0,0.0,0.6453,mild,0.9253,0,0,0.0,20,3,49.0,63.0,90.0,52.142857142857146,7.057586259446187,,0.0,34.07,13.0
2024-01-21,S001,beverages,55,959.04,23.36,37.15,0.0813,Wuhan,2,office,L,315,6,1,3,1,0,0,0,0,,,0.0,0.0,0.4318,mild,1.0438,0,0,0.0,21,3,59.0,61.0,55.0,51.57142857142857,6.1334368521284555,,0.0,35.567142857142855,14.0
2024-01-22,S001,beverages,67,1098.39,44.77,39.08,0.0864,Wuhan,2,office,L,315,0,1,4,0,0,0,0,0,C2443,free_delivery,0.162,1.0,0.6536,mild,1.1169,0,1,0.162,22,4,55.0,48.0,70.0,50.714285714285715,4.889249625940742,,0.0,35.43714285714285,15.0
2024-01-23,S001,beverages,58,1008.65,0.53,34.58,0.0686,Wuhan,2,office,L,315,1,1,4,0,0,0,0,0,,,0.0,0.0,0.1356,mild,1.054,0,0,0.0,23,4,67.0,50.0,61.0,53.42857142857143,7.6345081233642125,,1.0,35.004285714285714,0.0
2024-01-24,S001,beverages,51,949.56,37.83,38.59,0.0863,Wuhan,2,office,L,315,2,1,4,0,0,0,0,0,,,0.0,0.0,0.5449,mild,1.0782,0,0,0.0,24,4,58.0,50.0,65.0,54.57142857142857,7.634508123364214,,1.0,28.728571428571428,1.0
2024-01-25,S001,beverages,50,857.11,24.25,38.62,0.0753,Wuhan,2,office,L,315,3,1,4,0,0,0,0,0,,,0.0,0.0,0.3741,mild,1.086,1,0,0.0,25,4,51.0,44.0,51.0,54.714285714285715,7.543524501502053,,1.0,29.050000000000004,2.0
2024-01-26,S001,beverages,49,967.46,22.27,32.98,0.0872,Wuhan,2,office,L,315,4,1,4,0,0,0,0,0,,,0.0,0.0,0.6331,mild,1.0492,0,0,0.0,26,4,50.0,49.0,52.0,55.57142857142857,6.373307431706675,,1.0,27.977142857142855,3.0
2024-01-27,S001,beverages,65,1177.49,19.16,33.82,0.0592,Wuhan,2,office,L,315,5,1,4,1,0,0,0,0,,,0.0,0.0,0.5433,mild,1.021,0,0,0.0,27,4,49.0,59.0,63.0,55.57142857142857,6.373307431706675,,1.0,26.002857142857145,4.0
2024-01-28,S001,beverages,58,1009.25,29.16,36.85,0.0787,Wuhan,2,office,L,315,6,1,4,1,0,0,1,0,,,0.0,0.0,0.6871,mild,0.9476,1,0,0.0,28,4,65.0,55.0,61.0,56.42857142857143,7.253898787483015,,1.0,24.595714285714283,5.0
2024-01-29,S001,beverages,54,1017.17,33.68,33.04,0.0735,Wuhan,2,office,L,315,0,1,5,0,0,0,1,0,,,0.0,0.0,0.6587,mild,1.058,0,0,0.0,29,5,58.0,67.0,48.0,56.857142857142854,7.244045173533254,58.107142857142854,1.0,25.424285714285713,6.0
2024-01-30,S001,beverages,61,1082.09,18.32,34.02,0.0742,Wuhan,2,office,L,315,1,1,5,0,0,0,1,0,,,0.0,0.0,0.0,mild,1.1209,0,0,0.0,30,5,54.0,58.0,50.0,55.0,5.715476066494071,57.642857142857146,0.0,23.84,7.0
2024-01-31,S001,beverages,45,876.87,29.44,41.03,0.0995,Wuhan,2,office,L,315,2,1,5,0,0,1,1,0,,,0.0,0.0,0.8674,mild,1.0693,0,0,0.0,31,5,61.0,51.0,50.0,55.42857142857143,6.078847008469687,57.642857142857146,0.0,26.381428571428568,8.0
2024-02-01,S001,beverages,52,995.47,27.13,28.66,0.0601,Wuhan,2,office,L,315,3,2,1,0,1,0,1,0,,,0.0,0.0,0.4436,mild,1.0705,0,0,0.0,1,5,45.0,50.0,44.0,54.57142857142857,7.138093649734557,57.535714285714285,0.0,25.182857142857138,9.0
2024-02-02,S001,beverages,62,1153.06,24.86,35.52,0.0953,Wuhan,2,office,L,315,4,2,1,0,0,0,1,0,,,0.0,0.0,0.8072,mild,1.1596,0,0,0.0,2,5,52.0,49.0,49.0,54.857142857142854,6.96248450455657,56.392857142857146,0.0,25.59428571428571,10.0
2024-02-03,S001,beverages,67,1184.16,17.18,32.54,0.0591,Wuhan,2,office,L,315,5,2,1,1,0,0,1,0,,,0.0,0.0,0.4999,mild,0.8982,0,0,0.0,3,5,62.0,65.0,59.0,56.714285714285715,6.872997543873795,56.964285714285715,0.0,25.964285714285715,11.0
2024-02-04,S001,beverages,62,1168.69,46.47,34.39,0.0814,Wuhan,2,office,L,315,6,2,1,1,0,0,0,0,,,0.0,0.0,0.507,mild,0.9384,0,0,0.0,4,5,67.0,58.0,55.0,57.0,7.302967433402214,56.142857142857146,0.0,25.681428571428572,12.0
2024-02-05,S001,beverages,54,1047.47,10.51,42.66,0.0792,Wuhan,2,office,L,315,0,2,1,0,0,0,0,0,,,0.0,0.0,0.3792,mild,1.0759,0,0,0.0,5,6,62.0,54.0,67.0,57.57142857142857,7.546680127869537,56.392857142857146,0.0,28.154285714285717,13.0
2024-02-06,S001,beverages,47,831.6,31.61,45.08,0.0785,Wuhan,2,office,L,315,1,2,1,0,0,0,0,0,,,0.0,0.0,0.6717,mild,1.0658,0,0,0.0,6,6,54.0,61.0,58.0,57.57142857142857,7.546680127869537,55.82142857142857,0.0,24.844285714285714,14.0
2024-02-07,S001,beverages,50,914.62,28.56,31.77,0.0729,Wuhan,2,office,L,315,2,2,1,0,0,0,0,0,,,0.0,0.0,0.4313,mild,1.0646,0,0,0.0,7,6,47.0,45.0,51.0,55.57142857142857,8.303757038376114,55.32142857142857,0.0,26.74285714285714,15.0
2024-02-08,S001,beverages,54,1011.82,25.72,29.68,0.0709,Wuhan,2,office,L,315,3,2,2,0,0,0,0,0,,,0.0,0.0,0.5956,mild,1.035,0,0,0.0,8,6,50.0,52.0,50.0,56.285714285714285,7.409774753982866,54.785714285714285,0.0,26.617142857142856,16.0
2024-02-09,S001,beverages,48,876.86,29.43,32.41,0.0668,Wuhan,2,office,L,315,4,2,2,0,0,0,0,0,,,0.0,0.0,0.4505,mild,1.0748,0,0,0.0,9,6,54.0,62.0,49.0,56.57142857142857,7.253898787483016,54.892857142857146,0.0,26.415714285714284,17.0
2024-02-10,S001,beverages,74,1371.27,28.19,43.65,0.0694,Wuhan,2,office,L,315,5,2,2,1,0,0,0,1,,,0.0,0.0,0.4002,mild,1.0818,0,0,0.0,10,6,48.0,67.0,65.0,54.57142857142857,7.4354363883846215,54.75,0.0,27.068571428571428,18.0
2024-02-11,S001,beverages,70,1237.49,31.74,34.4,0.0782,Wuhan,2,office,L,315,6,2,2,1,0,0,0,1,,,0.0,0.0,0.3928,mild,1.0565,0,0,0.0,11,6,74.0,62.0,58.0,55.57142857142857,9.554355775546261,55.142857142857146,0.0,28.64142857142857,19.0
2024-02-12,S001,beverages,61,1060.66,28.11,41.09,0.0735,Wuhan,2,office,L,315,0,2,2,0,0,0,0,1,,,0.0,0.0,0.2392,mild,1.1685,0,0,0.0,12,7,70.0,54.0,54.0,56.714285714285715,10.843035948083385,55.464285714285715,0.0,26.537142857142857,20.0
2024-02-13,S001,beverages,92,1490.07,19.01,33.07,0.0776,Wuhan,2,office,L,315,1,2,2,0,0,0,0,1,C7922,bundle,0.209,0.0,0.227,mild,1.155,0,1,0.209,13,7,61.0,47.0,61.0,57.714285714285715,10.873734190152677,55.92857142857143,0.0,29.05142857142857,21.0
2024-02-14,S001,beverages,65,1096.41,18.21,48.65,0.0632,Wuhan,2,office,L,315,2,2,2,0,0,0,0,1,,,0.0,0.0,0.5772,mild,1.1663,0,0,0.0,14,7,92.0,50.0,45.0,64.14285714285714,15.710172621888157,57.42857142857143,1.0,27.251428571428573,0.0
2024-02-15,S001,beverages,54,912.05,35.12,41.16,0.0821,Wuhan,2,office,L,315,3,2,3,0,0,0,1,0,,,0.0,0.0,0.4159,mild,1.0219,0,0,0.0,15,7,65.0,54.0,52.0,66.28571428571429,14.430457208214012,57.964285714285715,1.0,25.772857142857145,1.0
2024-02-16,S001,beverages,56,968.82,10.35,37.55,0.0572,Wuhan,2,office,L,315,4,2,3,0,0,0,1,0,,,0.0,0.0,0.1281,mild,1.0273,0,0,0.0,16,7,54.0,48.0,62.0,66.28571428571429,14.430457208214012,58.32142857142857,1.0,27.115714285714287,2.0
2024-02-17,S001,beverages,67,1209.59,12.6,34.64,0.0732,Wuhan,2,office,L,315,5,2,3,1,0,0,0,0,,,0.0,0.0,0.2505,mild,0.9686,0,0,0.0,17,7,56.0,74.0,67.0,67.42857142857143,12.985339719046559,58.57142857142857,1.0,24.389999999999997,3.0
2024-02-18,S001,beverages,60,1076.02,29.98,38.0,0.0708,Wuhan,2,office,L,315,6,2,3,1,0,0,0,0,,,0.0,0.0,0.5109,mild,0.909,0,0,0.0,18,7,67.0,70.0,62.0,66.42857142857143,12.66039945205975,58.857142857142854,1.0,22.162857142857145,4.0
2024-02-19,S001,beverages,61,1145.34,15.1,34.1,0.0681,Wuhan,2,office,L,315,0,2,3,0,0,0,0,0,,,0.0,0.0,0.3753,mild,1.1631,0,0,0.0,19,8,60.0,61.0,54.0,65.0,12.754084313139344,59.035714285714285,1.0,21.91142857142857,5.0
2024-02-20,S001,beverages,55,960.93,20.6,28.47,0.0515,Wuhan,2,office,L,315,1,2,3,0,0,0,0,0,,,0.0,0.0,0.2508,mild,1.0974,0,0,0.0,20,8,61.0,92.0,47.0,65.0,12.754084313139344,58.82142857142857,1.0,20.052857142857142,6.0
2024-02-21,S001,beverages,77,1128.07,16.11,37.13,0.0625,Wuhan,2,office,L,315,2,2,3,0,0,0,0,0,C2689,coupon,0.19,0.0,0.056,mild,1.0363,0,1,0.19,21,8,55.0,65.0,50.0,59.714285714285715,5.023753102820194,58.714285714285715,0.0,20.28,7.0
2024-02-22,S001,beverages,53,885.51,11.0,34.44,0.0451,Wuhan,2,office,L,315,3,2,4,0,0,0,0,0,,,0.0,0.0,0.2661,mild,1.0567,0,0,0.0,22,8,77.0,54.0,54.0,61.42857142857143,8.182443458550834,59.642857142857146,1.0,19.98,0.0
2024-02-23,S001,beverages,54,968.43,23.19,35.65,0.074,Wuhan,2,office,L,315,4,2,4,0,0,0,0,0,,,0.0,0.0,0.5857,mild,1.0131,1,0,0.0,23,8,53.0,56.0,48.0,61.285714285714285,8.340948901140022,59.75,1.0,16.534285714285712,1.0
2024-02-24,S001,beverages,56,960.74,15.3,36.68,0.0642,Wuhan,2,office,L,315,5,2,4,1,0,0,0,0,,,0.0,0.0,0.5132,mild,0.9488,0,0,0.0,24,8,54.0,67.0,74.0,61.0,8.582928793055842,59.92857142857143,1.0,18.368571428571432,2.0
2024-02-25,S001,beverages,82,1519.56,12.6,32.26,0.0533,Wuhan,2,office,L,315,6,2,4,1,0,0,0,0,C8270,free_delivery,0.05,0.0,0.0741,mild,0.9408,0,1,0.05,25,8,56.0,60.0,70.0,59.42857142857143,8.303757038376135,59.607142857142854,1.0,18.754285714285714,3.0
2024-02-26,S001,beverages,54,995.42,23.66,33.22,0.0701,Wuhan,2,office,L,315,0,2,4,0,0,0,0,0,,,0.0,0.0,0.3458,mild,1.0139,0,0,0.0,26,9,82.0,61.0,61.0,62.57142857142857,11.928357568656079,60.464285714285715,2.0,16.271428571428572,0.0
2024-02-27,S001,beverages,54,952.26,14.31,33.47,0.0666,Wuhan,2,office,L,315,1,2,4,0,0,0,0,0,,,0.0,0.0,0.3218,mild,1.0776,0,0,0.0,27,9,54.0,55.0,92.0,61.57142857142857,12.36739184114344,60.464285714285715,2.0,17.494285714285716,1.0
2024-02-28,S001,beverages,59,1099.89,24.88,41.65,0.0783,Wuhan,2,office,L,315,2,2,4,0,0,0,1,0,,,0.0,0.0,0.2143,mild,1.041,0,0,0.0,28,9,54.0,77.0,65.0,61.42857142857143,12.461368876881652,60.214285714285715,2.0,16.595714285714287,2.0
2024-02-29,S001,beverages,83,1325.61,9.15,28.24,0.0541,Wuhan,2,office,L,315,3,2,5,0,0,1,1,0,C5467,free_delivery,0.12,0.0,0.2507,mild,1.0664,0,1,0.12,29,9,59.0,53.0,54.0,58.857142857142854,10.399175791516235,60.714285714285715,1.0,17.84857142857143,3.0
2024-03-01,S001,beverages,65,1221.22,17.62,22.09,0.0639,Wuhan,2,office,L,315,4,3,1,0,1,0,1,0,,,0.0,0.0,0.0,mild,1.0476,0,0,0.0,1,9,83.0,54.0,56.0,63.142857142857146,13.347016788138749,61.82142857142857,2.0,17.584285714285716,0.0
2024-03-02,S001,beverages,68,1225.3,23.17,34.67,0.0555,Wuhan,2,office,L,315,5,3,1,1,0,0,1,0,,,0.0,0.0,0.2944,mild,0.998,0,0,0.0,2,9,65.0,56.0,67.0,64.71428571428571,12.724180205607057,61.92857142857143,2.0,16.78857142857143,1.0
2024-03-03,S001,beverages,75,1288.65,11.55,37.75,0.0763,Wuhan,2,office,L,315,6,3,1,1,0,0,1,0,,,0.0,0.0,0.399,mild,1.0053,0,0,0.0,3,9,68.0,82.0,60.0,66.42857142857143,12.149857925879143,61.964285714285715,2.0,17.912857142857142,2.0
2024-03-04,S001,beverages,43,806.6,37.48,32.69,0.0854,Wuhan,2,office,L,315,0,3,1,0,0,0,0,0,,,0.0,0.0,0.5625,mild,1.144,0,0,0.0,4,10,75.0,54.0,61.0,65.42857142857143,10.875923606099613,62.42857142857143,1.0,17.762857142857143,3.0
2024-03-05,S001,beverages,55,1019.6,29.64,35.6,0.0819,Wuhan,2,office,L,315,1,3,1,0,0,0,0,0,,,0.0,0.0,0.3744,mild,1.0618,0,0,0.0,5,10,43.0,54.0,55.0,63.857142857142854,13.32201900900126,62.035714285714285,1.0,19.737142857142857,4.0
2024-03-06,S001,beverages,53,1003.77,30.0,32.38,0.0772,Wuhan,2,office,L,315,2,3,1,0,0,0,0,0,,,0.0,0.0,0.1791,mild,1.0949,0,0,0.0,6,10,55.0,59.0,77.0,64.0,13.203534880225588,62.32142857142857,1.0,21.927142857142858,5.0
2024-03-07,S001,beverages,60,976.66,21.21,28.38,0.0735,Wuhan,2,office,L,315,3,3,1,0,0,0,0,0,,,0.0,0.0,0.1982,mild,0.9758,0,0,0.0,7,10,53.0,83.0,53.0,63.142857142857146,13.7650350699223,62.42857142857143,1.0,22.65857142857143,6.0
2024-03-08,S001,beverages,52,943.35,21.9,35.59,0.0787,Wuhan,2,office,L,315,4,3,2,0,0,0,0,0,,,0.0,0.0,0.1857,mild,1.0882,0,0,0.0,8,10,60.0,65.0,54.0,59.857142857142854,10.621182787690072,62.642857142857146,0.0,24.381428571428568,7.0
2024-03-09,S001,beverages,66,1302.22,18.19,29.67,0.0679,Wuhan,2,office,L,315,5,3,2,1,0,0,0,0,,,0.0,0.0,0.2723,mild,1.0078,0,0,0.0,9,10,52.0,68.0,56.0,58.0,10.708252269472668,62.785714285714285,0.0,24.99285714285714,8.0
2024-03-10,S001,beverages,66,1287.81,27.29,29.44,0.0739,Wuhan,2,office,L,315,6,3,2,1,0,0,0,0,,,0.0,0.0,0.6427,mild,0.9935,0,0,0.0,10,10,66.0,75.0,82.0,57.714285714285715,10.419761445034547,62.5,0.0,24.28142857142857,9.0
2024-03-11,S001,beverages,51,845.46,25.13,36.22,0.0738,Wuhan,2,office,L,315,0,3,2,0,0,0,0,0,,,0.0,0.0,0.4607,mild,1.0233,0,0,0.0,11,11,66.0,43.0,54.0,56.42857142857143,8.263517065131168,62.357142857142854,0.0,26.529999999999998,10.0
2024-03-12,S001,beverages,59,1051.1,36.07,32.14,0.0848,Wuhan,2,office,L,315,1,3,2,0,0,0,0,0,,,0.0,0.0,0.4572,mild,0.9953,0,0,0.0,12,11,51.0,55.0,54.0,57.57142857142857,6.451282633635536,62.0,0.0,24.76571428571429,11.0
2024-03-13,S001,beverages,55,897.25,32.17,31.46,0.0707,Wuhan,2,office,L,315,2,3,2,0,0,0,0,0,,,0.0,0.0,0.2862,mild,1.1488,0,0,0.0,13,11,59.0,53.0,59.0,58.142857142857146,6.362090102803508,60.82142857142857,0.0,25.684285714285718,12.0
2024-03-14,S001,beverages,57,1059.22,17.95,36.04,0.0762,Wuhan,2,office,L,315,3,3,2,0,0,0,0,0,,,0.0,0.0,0.4735,mild,1.0476,0,0,0.0,14,11,55.0,60.0,83.0,58.42857142857143,6.1334368521284635,60.464285714285715,0.0,25.994285714285716,13.0
2024-03-15,S001,beverages,59,1003.87,26.55,27.49,0.0901,Wuhan,2,office,L,315,4,3,3,0,0,0,1,0,,,0.0,0.0,0.0,mild,1.0265,0,0,0.0,15,11,57.0,52.0,65.0,58.0,6.1101009266077755,60.57142857142857,0.0,25.528571428571432,14.0
2024-03-16,S001,beverages,71,1327.27,17.5,28.05,0.0814,Wuhan,2,office,L,315,5,3,3,1,0,0,1,0,,,0.0,0.0,0.0,mild,0.9796,0,0,0.0,16,11,59.0,66.0,68.0,59.0,5.507570547286098,60.67857142857143,0.0,26.192857142857143,15.0
2024-03-17,S001,beverages,70,1031.01,4.3,25.93,0.0578,Wuhan,2,office,L,315,6,3,3,1,0,0,0,0,,,0.0,0.0,0.0,mild,0.9289,0,0,0.0,17,11,71.0,66.0,75.0,59.714285714285715,6.750661343263235,60.82142857142857,0.0,26.094285714285714,16.0
2024-03-18,S001,beverages,93,1398.22,14.95,36.3,0.0651,Wuhan,2,office,L,315,0,3,3,0,0,0,0,0,C4359,free_delivery,0.313,1.0,0.1079,mild,1.0714,0,1,0.313,18,12,70.0,51.0,43.0,60.285714285714285,7.499206307209803,61.17857142857143,0.0,22.810000000000002,17.0
2024-03-19,S001,beverages,52,886.37,24.07,34.1,0.0823,Wuhan,2,office,L,315,1,3,3,0,0,0,0,0,,,0.0,0.0,0.3465,mild,1.0576,0,0,0.0,19,12,93.0,59.0,55.0,66.28571428571429,13.350584078537375,62.32142857142857,1.0,21.35571428571429,0.0
2024-03-20,S001,beverages,64,1046.09,28.89,28.25,0.0645,Wuhan,2,office,L,315,2,3,3,0,0,0,0,0,,,0.0,0.0,0.1592,mild,1.0888,0,0,0.0,20,12,52.0,55.0,53.0,65.28571428571429,14.221044098029356,62.214285714285715,1.0,19.641428571428573,1.0
2024-03-21,S001,beverages,57,1082.61,10.97,30.01,0.0623,Wuhan,2,office,L,315,3,3,3,0,0,0,0,0,,,0.0,0.0,0.0,mild,1.0412,0,0,0.0,21,12,64.0,57.0,60.0,66.57142857142857,13.525989093311491,61.75,1.0,19.172857142857143,2.0
2024-03-22,S001,beverages,60,1177.5,7.96,33.3,0.0707,Wuhan,2,office,L,315,4,3,4,0,0,0,0,0,,,0.0,0.0,0.0,mild,1.0983,0,0,0.0,22,12,57.0,59.0,52.0,66.57142857142857,13.525989093311491,61.892857142857146,1.0,18.175714285714285,3.0
2024-03-23,S001,beverages,99,1665.6,14.64,26.48,0.0729,Wuhan,2,office,L,315,5,3,4,1,0,0,0,0,C7047,free_delivery,0.219,1.0,0.0,mild,0.9366,0,1,0.219,23,12,60.0,71.0,66.0,66.71428571428571,13.437686875776985,62.107142857142854,1.0,15.520000000000001,4.0
2024-03-24,S001,beverages,74,1299.67,15.55,28.21,0.0485,Wuhan,2,office,L,315,6,3,4,1,0,0,0,0,,,0.0,0.0,0.0,mild,0.9257,0,0,0.0,24,12,99.0,70.0,66.0,70.71428571428571,18.236541025409103,63.642857142857146,2.0,15.111428571428572,0.0
2024-03-25,S001,beverages,59,1013.55,20.62,29.57,0.0762,Wuhan,2,office,L,315,0,3,4,0,0,0,0,0,,,0.0,0.0,0.0457,mild,1.0761,0,0,0.0,25,13,74.0,93.0,51.0,71.28571428571429,18.273061098369993,63.357142857142854,2.0,16.71857142857143,1.0
2024-03-26,S001,beverages,55,1047.83,20.52,36.5,0.0684,Wuhan,2,office,L,315,1,3,4,0,0,0,0,0,,,0.0,0.0,0.377,mild,1.0895,0,0,0.0,26,13,59.0,52.0,59.0,66.42857142857143,15.904476758208093,63.535714285714285,1.0,17.528571428571432,2.0
2024-03-27,S001,beverages,55,999.99,23.65,35.81,0.0794,Wuhan,2,office,L,315,2,3,4,0,0,0,0,0,,,0.0,0.0,0.1227,mild,1.075,0,0,0.0,27,13,55.0,64.0,55.0,66.85714285714286,15.485784571971944,63.57142857142857,1.0,17.021428571428572,3.0
2024-03-28,S001,beverages,73,1390.6,14.82,26.62,0.0591,Wuhan,2,office,L,315,3,3,4,0,0,0,1,0,,,0.0,0.0,0.0,mild,1.1007,1,0,0.0,28,13,55.0,57.0,57.0,65.57142857142857,16.12303882499764,63.42857142857143,1.0,16.27285714285714,4.0
2024-03-29,S001,beverages,61,1062.75,22.01,39.42,0.0766,Wuhan,2,office,L,315,4,3,5,0,0,0,1,0,,,0.0,0.0,0.3638,mild,1.1216,0,0,0.0,29,13,73.0,60.0,59.0,67.85714285714286,15.836967001592328,63.07142857142857,1.0,16.822857142857142,5.0
2024-03-30,S001,beverages,77,1370.75,0.0,31.81,0.0674,Wuhan,2,office,L,315,5,3,5,1,0,0,1,0,,,0.0,0.0,0.0431,mild,0.9703,0,0,0.0,30,13,61.0,99.0,71.0,68.0,15.7585955380971,62.92857142857143,1.0,18.830000000000002,6.0
2024-03-31,S001,beverages,73,1190.56,30.93,32.85,0.0644,Wuhan,2,office,L,315,6,3,5,1,0,1,1,0,,,0.0,0.0,0.3879,mild,0.9531,0,0,0.0,31,13,77.0,74.0,70.0,64.85714285714286,9.494359227607596,63.25,0.0,16.73857142857143,7.0
2024-04-01,S001,beverages,63,1249.21,1.21,32.98,0.0614,Wuhan,2,office,L,315,0,4,1,0,1,0,1,0,,,0.0,0.0,0.0,mild,1.0215,0,0,0.0,1,14,73.0,59.0,93.0,64.71428571428571,9.340133577101325,63.17857142857143,0.0,18.935714285714287,8.0
2024-04-02,S001,beverages,70,1324.55,11.14,25.32,0.042,Wuhan,2,office,L,315,1,4,1,0,0,0,1,0,,,0.0,0.0,0.0,mild,1.1139,0,0,0.0,2,14,63.0,55.0,52.0,65.28571428571429,9.050124966251145,63.892857142857146,0.0,16.162857142857142,9.0
2024-04-03,S001,beverages,66,1130.23,11.44,26.46,0.0723,Wuhan,2,office,L,315,2,4,1,0,0,0,1,0,,,0.0,0.0,0.0945,mild,1.116,0,0,0.0,3,14,70.0,55.0,64.0,67.42857142857143,7.913219801006923,64.42857142857143,0.0,14.822857142857142,10.0
2024-04-04,S001,beverages,68,1320.98,38.68,35.52,0.0846,Wuhan,2,office,L,315,3,4,1,0,0,0,0,1,,,0.0,0.0,0.4305,mild,1.153,0,0,0.0,4,14,66.0,73.0,57.0,69.0,5.859465277082355,64.89285714285714,0.0,13.078571428571431,11.0
2024-04-05,S001,beverages,76,1380.45,22.43,35.67,0.0846,Wuhan,2,office,L,315,4,4,1,0,0,0,0,1,,,0.0,0.0,0.1658,mild,1.199,1,0,0.0,5,14,68.0,61.0,60.0,68.28571428571429,5.589105048046215,65.17857142857143,0.0,16.487142857142857,12.0
2024-04-06,S001,beverages,98,1711.0,23.94,25.34,0.0512,Wuhan,2,office,L,315,5,4,1,1,0,0,0,0,C9719,discount,0.201,0.0,0.2384,mild,0.9708,0,1,0.201,6,14,76.0,77.0,99.0,70.42857142857143,5.191568255583425,66.03571428571429,0.0,16.54714285714286,13.0
2024-04-07,S001,beverages,61,1035.83,23.74,37.88,0.0582,Wuhan,2,office,L,315,6,4,1,1,0,0,0,0,,,0.0,0.0,0.1489,mild,1.0286,0,0,0.0,7,14,98.0,73.0,74.0,73.42857142857143,11.659861961120368,67.17857142857143,1.0,19.967142857142857,0.0
2024-04-08,S001,beverages,51,995.22,11.19,44.08,0.0551,Wuhan,2,office,L,315,0,4,2,0,0,0,0,0,,,0.0,0.0,0.0,mild,1.1744,0,0,0.0,8,15,61.0,63.0,59.0,71.71428571428571,12.57927244470426,67.0,1.0,18.939999999999998,1.0
2024-04-09,S001,beverages,64,1141.42,25.52,24.97,0.0563,Wuhan,2,office,L,315,1,4,2,0,0,0,0,0,,,0.0,0.0,0.3165,mild,1.0711,0,0,0.0,9,15,51.0,70.0,55.0,70.0,14.617341299520486,67.0,1.0,20.365714285714287,2.0
2024-04-10,S001,beverages,57,913.19,31.9,33.15,0.0729,Wuhan,2,office,L,315,2,4,2,0,0,0,0,0,,,0.0,0.0,0.0,mild,1.095,0,0,0.0,10,15,64.0,66.0,55.0,69.14285714285714,14.792211592913494,67.17857142857143,1.0,22.419999999999998,3.0
2024-04-11,S001,beverages,53,1037.26,40.57,31.77,0.0551,Wuhan,2,office,L,315,3,4,2,0,0,0,0,0,,,0.0,0.0,0.3245,mild,1.0875,0,0,0.0,11,15,57.0,68.0,73.0,67.85714285714286,15.485784571971944,67.25,1.0,25.342857142857145,4.0
2024-04-12,S001,beverages,66,1170.95,13.07,31.24,0.064,Wuhan,2,office,L,315,4,4,2,0,0,0,0,0,,,0.0,0.0,0.0,mild,1.0666,0,0,0.0,12,15,53.0,76.0,61.0,65.71428571428571,16.469307673308418,67.10714285714286,1.0,25.61285714285714,5.0
2024-04-13,S001,beverages,60,1019.35,7.11,29.65,0.0408,Wuhan,2,office,L,315,5,4,2,1,0,0,0,0,,,0.0,0.0,0.074,mild,0.9884,0,0,0.0,13,15,66.0,98.0,77.0,64.28571428571429,15.850491955712146,67.35714285714286,1.0,24.275714285714287,6.0
2024-04-14,S001,beverages,72,1272.55,7.98,28.93,0.0521,Wuhan,2,office,L,315,6,4,2,1,0,0,0,0,,,0.0,0.0,0.0395,mild,0.9972,0,0,0.0,14,15,60.0,61.0,73.0,58.857142857142854,5.52052447473881,66.96428571428571,0.0,21.87142857142857,7.0
2024-04-15,S001,beverages,55,1018.26,32.73,27.6,0.0674,Wuhan,2,office,L,315,0,4,3,0,0,0,1,0,,,0.0,0.0,0.1339,cold,1.0566,0,0,0.0,15,16,72.0,51.0,63.0,60.42857142857143,7.457817885886426,67.03571428571429,0.0,19.62,8.0
2024-04-16,S001,beverages,60,987.91,18.86,30.76,0.0602,Wuhan,2,office,L,315,1,4,3,0,0,0,1,0,,,0.0,0.0,0.0856,cold,1.1191,0,0,0.0,16,16,55.0,64.0,70.0,61.0,6.733003292241378,65.67857142857143,0.0,22.697142857142858,9.0
2024-04-17,S001,beverages,65,1201.95,26.85,45.22,0.0888,Wuhan,2,office,L,315,2,4,3,0,0,0,0,0,C2036,discount,0.102,0.0,0.0,cold,1.105,0,1,0.102,17,16,60.0,57.0,66.0,60.42857142857143,6.604471789556488,65.96428571428571,0.0,21.745714285714286,10.0
2024-04-18,S001,beverages,54,957.89,14.9,28.64,0.073,Wuhan,2,office,L,315,3,4,3,0,0,0,0,0,,,0.0,0.0,0.0042,cold,1.0423,0,0,0.0,18,16,65.0,53.0,68.0,61.57142857142857,6.604471789556495,66.0,1.0,21.024285714285718,0.0
2024-04-19,S001,beverages,49,801.63,15.98,34.09,0.0734,Wuhan,2,office,L,315,4,4,3,0,0,0,0,0,,,0.0,0.0,0.1684,cold,1.0683,0,0,0.0,19,16,54.0,66.0,76.0,61.714285714285715,6.395683067879605,65.89285714285714,1.0,17.357142857142858,1.0
2024-04-20,S001,beverages,56,1000.31,16.7,39.51,0.0655,Wuhan,2,office,L,315,5,4,3,1,0,0,0,0,,,0.0,0.0,0.0,cold,0.9833,0,0,0.0,20,16,49.0,60.0,98.0,59.285714285714285,7.60951784969072,65.5,1.0,17.77285714285714,2.0
2024-04-21,S001,beverages,64,1171.26,15.0,31.34,0.0581,Wuhan,2,office,L,315,6,4,3,1,0,0,0,0,,,0.0,0.0,0.0728,cold,0.9996,0,0,0.0,21,16,56.0,72.0,61.0,58.714285714285715,7.6966288229389725,63.964285714285715,1.0,19.142857142857142,3.0
2024-04-22,S001,beverages,53,1006.85,18.77,28.8,0.0927,Wuhan,2,office,L,315,0,4,4,0,0,0,0,0,,,0.0,0.0,0.0033,cold,1.0632,0,0,0.0,22,17,64.0,55.0,51.0,57.57142857142857,5.740416444159828,63.607142857142854,1.0,20.145714285714284,4.0
2024-04-23,S001,beverages,52,1057.09,24.11,34.65,0.0541,Wuhan,2,office,L,315,1,4,4,0,0,0,0,0,,,0.0,0.0,0.2328,cold,1.0168,0,0,0.0,23,17,53.0,60.0,64.0,57.285714285714285,5.936168397046602,63.392857142857146,1.0,18.15142857142857,5.0
2024-04-24,S001,beverages,58,1060.59,31.81,37.66,0.0656,Wuhan,2,office,L,315,2,4,4,0,0,0,0,0,C2618,discount,0.053,0.0,0.1938,cold,1.0625,0,1,0.053,24,17,52.0,65.0,57.0,56.142857142857146,6.094494002200397,63.285714285714285,1.0,18.90142857142857,6.0
2024-04-25,S001,beverages,45,818.61,18.9,35.14,0.0775,Wuhan,2,office,L,315,3,4,4,0,0,0,0,0,,,0.0,0.0,0.0819,cold,1.0838,0,0,0.0,25,17,58.0,54.0,53.0,55.142857142857146,4.845223470201334,63.392857142857146,1.0,19.609999999999996,0.0
2024-04-26,S001,beverages,53,1052.99,16.7,31.92,0.0807,Wuhan,2,office,L,315,4,4,4,0,0,0,0,0,,,0.0,0.0,0.1063,cold,1.0307,0,0,0.0,26,17,45.0,49.0,66.0,53.857142857142854,6.202917900165191,62.392857142857146,1.0,20.18142857142857,1.0
2024-04-27,S001,beverages,64,1086.48,9.83,28.9,0.0373,Wuhan,2,office,L,315,5,4,4,1,0,0,0,0,,,0.0,0.0,0.2141,cold,0.9574,0,0,0.0,27,17,53.0,56.0,60.0,54.42857142857143,5.85540043769114,62.107142857142854,1.0,20.284285714285716,2.0
2024-04-28,S001,beverages,70,1372.23,13.96,26.65,0.0538,Wuhan,2,office,L,315,6,4,4,1,0,0,1,0,,,0.0,0.0,0.0,cold,0.9578,0,0,0.0,28,17,64.0,64.0,72.0,55.57142857142857,6.900655593423499,61.642857142857146,1.0,19.302857142857142,3.0
2024-04-29,S001,beverages,61,1143.75,29.84,28.56,0.0645,Wuhan,2,office,L,315,0,4,5,0,0,0,1,0,,,0.0,0.0,0.0,cold,1.0136,0,0,0.0,29,18,70.0,53.0,55.0,56.42857142857143,8.343802947040823,61.535714285714285,1.0,19.154285714285713,4.0
2024-04-30,S001,beverages,57,988.29,7.61,30.1,0.0614,Wuhan,2,office,L,315,1,4,5,0,0,1,1,0,,,0.0,0.0,0.0314,cold,1.0042,0,0,0.0,30,18,61.0,52.0,60.0,57.57142857142857,8.34380294704083,61.464285714285715,1.0,20.735714285714288,5.0
2024-05-01,S001,beverages,65,1128.88,10.83,29.06,0.0559,Wuhan,2,office,L,315,2,5,1,0,1,0,1,1,,,0.0,0.0,0.0,cold,1.1907,0,0,0.0,1,18,57.0,58.0,65.0,58.285714285714285,7.994045402970988,61.0,1.0,18.37857142857143,6.0
2024-05-02,S001,beverages,69,1165.66,18.83,31.64,0.0604,Wuhan,2,office,L,315,3,5,1,0,0,0,1,1,,,0.0,0.0,0.0,cold,1.1392,0,0,0.0,2,18,65.0,45.0,54.0,59.285714285714285,8.380817098475244,60.964285714285715,0.0,15.381428571428572,7.0
2024-05-03,S001,beverages,68,1244.78,19.96,36.73,0.0796,Wuhan,2,office,L,315,4,5,1,0,0,0,1,1,,,0.0,0.0,0.0035,cold,1.1759,0,0,0.0,3,18,69.0,53.0,49.0,62.714285714285715,6.183695920571722,61.0,0.0,15.371428571428572,8.0
2024-05-04,S001,beverages,69,1200.98,7.89,25.63,0.0627,Wuhan,2,office,L,315,5,5,1,1,0,0,0,0,,,0.0,0.0,0.0,cold,0.9359,0,0,0.0,4,18,68.0,64.0,56.0,64.85714285714286,4.670066788550688,60.714285714285715,0.0,15.837142857142856,9.0
2024-05-05,S001,beverages,83,1441.12,10.68,33.96,0.0646,Wuhan,2,office,L,315,6,5,1,1,0,0,0,0,C7360,bundle,0.129,0.0,0.0,cold,0.9277,0,1,0.129,5,18,69.0,70.0,64.0,65.57142857142857,4.8941169737125545,59.67857142857143,0.0,15.56,10.0
2024-05-06,S001,beverages,56,1104.08,16.67,26.44,0.0794,Wuhan,2,office,L,315,0,5,1,0,0,0,0,0,,,0.0,0.0,0.076,cold,1.0148,0,0,0.0,6,19,83.0,61.0,53.0,67.42857142857143,8.202786982831798,60.464285714285715,1.0,15.09142857142857,0.0
2024-05-07,S001,beverages,58,1011.26,12.05,24.17,0.0522,Wuhan,2,office,L,315,1,5,1,0,0,0,0,0,,,0.0,0.0,0.0,cold,1.1064,0,0,0.0,7,19,56.0,57.0,52.0,66.71428571428571,9.031690238899309,60.642857142857146,1.0,13.210000000000003,1.0
2024-05-08,S001,beverages,54,967.63,5.95,30.55,0.0489,Wuhan,2,office,L,315,2,5,2,0,0,0,0,0,,,0.0,0.0,0.0,cold,1.1344,0,0,0.0,8,19,58.0,65.0,58.0,66.85714285714286,8.85867882227316,60.42857142857143,1.0,13.844285714285714,2.0
2024-05-09,S001,beverages,45,828.88,29.76,35.07,0.068,Wuhan,2,office,L,315,3,5,2,0,0,0,0,0,,,0.0,0.0,0.1767,cold,1.0874,0,0,0.0,9,19,54.0,69.0,45.0,65.28571428571429,10.127755357009224,60.32142857142857,1.0,13.147142857142857,3.0
2024-05-10,S001,beverages,56,1053.21,14.96,35.24,0.0665,Wuhan,2,office,L,315,4,5,2,0,0,0,0,0,,,0.0,0.0,0.1123,cold,1.1184,0,0,0.0,10,19,45.0,68.0,53.0,61.857142857142854,12.455635557564197,60.035714285714285,1.0,14.70857142857143,4.0
2024-05-11,S001,beverages,79,1275.05,20.53,26.21,0.0609,Wuhan,2,office,L,315,5,5,2,1,0,0,0,0,C3020,coupon,0.245,0.0,0.3275,cold,0.984,0,1,0.245,11,19,56.0,69.0,64.0,60.142857142857146,12.294017127971536,59.67857142857143,1.0,13.994285714285715,5.0
2024-05-12,S001,beverages,58,1068.07,9.73,30.63,0.0492,Wuhan,2,office,L,315,6,5,2,1,0,0,0,0,,,0.0,0.0,0.0495,cold,0.9555,0,0,0.0,12,19,79.0,83.0,70.0,61.57142857142857,13.962534904249347,60.357142857142854,2.0,15.8,0.0
2024-05-13,S001,beverages,53,859.45,19.38,31.38,0.0665,Wuhan,2,office,L,315,0,5,2,0,0,0,0,0,,,0.0,0.0,0.0,cold,1.0788,0,0,0.0,13,20,58.0,56.0,61.0,58.0,10.279429296739531,59.857142857142854,1.0,15.664285714285715,1.0
2024-05-14,S001,beverages,54,937.54,16.79,31.51,0.0516,Wuhan,2,office,L,315,1,5,2,0,0,0,0,0,,,0.0,0.0,0.0675,cold,1.0709,0,0,0.0,14,20,53.0,58.0,57.0,57.57142857142857,10.438025721005923,59.785714285714285,1.0,16.05142857142857,2.0
2024-05-15,S001,beverages,53,956.81,8.69,37.75,0.0647,Wuhan,2,office,L,315,2,5,3,0,0,0,1,0,,,0.0,0.0,0.1276,cold,1.0767,0,0,0.0,15,20,54.0,54.0,65.0,57.0,10.519822558706345,59.57142857142857,1.0,16.728571428571428,3.0
2024-05-16,S001,beverages,61,1101.83,10.88,33.21,0.0412,Wuhan,2,office,L,315,3,5,3,0,0,0,1,0,,,0.0,0.0,0.3321,cold,1.0643,0,0,0.0,16,20,53.0,45.0,69.0,56.857142857142854,10.574002260711127,59.142857142857146,1.0,17.12,4.0
2024-05-17,S001,beverages,58,1009.54,16.93,22.26,0.046,Wuhan,2,office,L,315,4,5,3,0,0,0,0,0,,,0.0,0.0,0.0,cold,1.0505,0,0,0.0,17,20,61.0,56.0,68.0,59.142857142857146,9.227288721117244,59.392857142857146,1.0,14.422857142857143,5.0
2024-05-18,S001,beverages,57,984.45,11.43,32.96,0.0691,Wuhan,2,office,L,315,5,5,3,1,0,0,0,0,,,0.0,0.0,0.263,cold,0.9678,0,0,0.0,18,20,58.0,79.0,69.0,59.42857142857143,9.144345117013465,59.714285714285715,1.0,14.704285714285716,6.0
2024-05-19,S001,beverages,63,1157.01,20.02,29.03,0.075,Wuhan,2,office,L,315,6,5,3,1,0,0,0,0,,,0.0,0.0,0.127,cold,0.953,0,0,0.0,19,20,57.0,58.0,83.0,56.285714285714285,3.0394235042348767,59.75,0.0,13.404285714285715,7.0
2024-05-20,S001,beverages,47,926.27,20.41,30.89,0.067,Wuhan,2,office,L,315,0,5,3,0,0,0,0,0,,,0.0,0.0,0.0786,cold,1.0524,0,0,0.0,20,21,63.0,53.0,56.0,57.0,3.9581140290126675,59.714285714285715,0.0,14.874285714285714,8.0
2024-05-21,S001,beverages,54,967.01,9.49,28.72,0.0611,Wuhan,2,office,L,315,1,5,3,0,0,0,0,0,,,0.0,0.0,0.0569,cold,1.0941,0,0,0.0,21,21,47.0,54.0,58.0,56.142857142857146,5.367450401216948,59.5,0.0,15.021428571428572,9.0
2024-05-22,S001,beverages,52,954.18,18.44,29.31,0.0669,Wuhan,2,office,L,315,2,5,4,0,0,0,0,0,,,0.0,0.0,0.1504,cold,1.0337,0,0,0.0,22,21,54.0,53.0,54.0,56.142857142857146,5.367450401216948,59.57142857142857,0.0,13.97857142857143,10.0
2024-05-23,S001,beverages,53,928.81,11.56,30.16,0.0453,Wuhan,2,office,L,315,3,5,4,0,0,0,0,0,,,0.0,0.0,0.0,cold,1.0271,0,0,0.0,23,21,52.0,61.0,45.0,56.0,5.477225575051675,59.357142857142854,0.0,15.37142857142857,11.0
2024-05-24,S001,beverages,76,1245.53,11.75,33.48,0.094,Wuhan,2,office,L,315,4,5,4,0,0,0,0,0,C4478,discount,0.202,1.0,0.0,cold,1.042,0,1,0.202,24,21,53.0,58.0,56.0,54.857142857142854,5.080307452263485,59.642857142857146,0.0,15.468571428571428,12.0
2024-05-25,S001,beverages,61,943.23,35.55,29.75,0.056,Wuhan,2,office,L,315,5,5,4,1,0,0,0,0,,,0.0,0.0,0.0,cold,0.9425,0,0,0.0,25,21,76.0,57.0,79.0,57.42857142857143,9.536895771286439,60.464285714285715,1.0,14.728571428571428,0.0
2024-05-26,S001,beverages,61,1130.23,14.01,29.91,0.0844,Wuhan,2,office,L,315,6,5,4,1,0,0,0,0,,,0.0,0.0,0.1839,cold,0.9839,0,0,0.0,26,21,61.0,63.0,58.0,58.0,9.62635271879578,60.357142857142854,1.0,18.174285714285713,1.0
2024-05-27,S001,beverages,56,1044.82,21.13,38.21,0.0635,Wuhan,2,office,L,315,0,5,4,0,0,0,0,0,,,0.0,0.0,0.1339,cold,1.0729,0,0,0.0,27,22,61.0,47.0,53.0,57.714285714285715,9.481812163545644,60.035714285714285,1.0,17.315714285714286,2.0
2024-05-28,S001,beverages,61,1128.72,24.12,27.83,0.0715,Wuhan,2,office,L,315,1,5,4,0,0,0,1,0,,,0.0,0.0,0.0,cold,1.1216,0,0,0.0,28,22,56.0,54.0,54.0,59.0,8.326663997864548,59.857142857142854,1.0,17.41857142857143,3.0
2024-05-29,S001,beverages,57,1080.76,18.52,33.04,0.0662,Wuhan,2,office,L,315,2,5,5,0,0,0,1,0,,,0.0,0.0,0.0,cold,1.0716,0,0,0.0,29,22,61.0,52.0,53.0,60.0,8.041558721209901,60.0,1.0,19.50857142857143,4.0
2024-05-30,S001,beverages,55,1017.54,7.48,26.79,0.0667,Wuhan,2,office,L,315,3,5,5,0,0,0,1,0,,,0.0,0.0,0.0,cold,1.0771,1,0,0.0,30,22,57.0,53.0,61.0,60.714285714285715,7.409774753982896,59.714285714285715,1.0,19.52,5.0
2024-05-31,S001,beverages,54,1043.42,16.4,24.01,0.0704,Wuhan,2,office,L,315,4,5,5,0,0,1,1,0,,,0.0,0.0,0.0,cold,1.0108,0,0,0.0,31,22,55.0,76.0,58.0,61.0,7.094598884597615,59.214285714285715,1.0,18.937142857142856,6.0
2024-06-01,S001,beverages,60,1019.13,3.72,26.43,0.067,Wuhan,2,office,L,315,5,6,1,1,1,0,1,0,,,0.0,0.0,0.0,cold,0.9466,0,0,0.0,1,22,54.0,61.0,57.0,57.857142857142854,3.07834216359889,58.714285714285715,0.0,19.601428571428574,7.0
2024-06-02,S001,beverages,105,1541.9,11.11,34.87,0.0597,Wuhan,2,office,L,315,6,6,1,1,0,0,1,0,C6074,bundle,0.301,1.0,0.1762,cold,0.9474,0,1,0.301,2,22,60.0,61.0,63.0,57.714285714285715,2.927700218845635,58.392857142857146,0.0,15.054285714285713,8.0
2024-06-03,S001,beverages,56,990.02,1.96,28.26,0.0575,Wuhan,2,office,L,315,0,6,1,0,0,0,1,0,,,0.0,0.0,0.0303,cold,1.0385,1,0,0.0,3,23,105.0,56.0,47.0,64.0,18.25741858350555,59.17857142857143,1.0,14.639999999999999,0.0
2024-06-04,S001,beverages,56,975.9,24.38,32.13,0.0672,Wuhan,2,office,L,315,1,6,1,0,0,0,0,0,,,0.0,0.0,0.0,cold,1.0916,0,0,0.0,4,23,56.0,61.0,54.0,64.0,18.25741858350555,59.17857142857143,1.0,11.901428571428571,1.0
2024-06-05,S001,beverages,50,870.38,20.46,28.98,0.0643,Wuhan,2,office,L,315,2,6,1,0,0,0,0,0,,,0.0,0.0,0.2371,cold,1.0565,0,0,0.0,5,23,56.0,57.0,52.0,63.285714285714285,18.490666886425768,59.107142857142854,1.0,11.938571428571427,2.0
2024-06-06,S001,beverages,50,863.71,24.88,31.71,0.0645,Wuhan,2,office,L,315,3,6,1,0,0,0,0,0,,,0.0,0.0,0.0,cold,1.0429,0,0,0.0,6,23,50.0,55.0,53.0,62.285714285714285,19.06754909712911,58.964285714285715,1.0,12.215714285714284,3.0
2024-06-07,S001,beverages,55,964.87,27.39,35.48,0.07,Wuhan,2,office,L,315,4,6,1,0,0,0,0,0,,,0.0,0.0,0.2917,cold,1.1367,0,0,0.0,7,23,50.0,54.0,76.0,61.57142857142857,19.475259030003034,59.142857142857146,1.0,14.70142857142857,4.0
2024-06-08,S001,beverages,51,926.87,21.68,35.01,0.0595,Wuhan,2,office,L,315,5,6,2,1,0,0,0,0,,,0.0,0.0,0.4166,cold,0.9384,0,0,0.0,8,23,55.0,60.0,61.0,61.714285714285715,19.414035178312684,59.107142857142854,1.0,16.271428571428572,5.0
2024-06-09,S001,beverages,58,1100.56,11.6,26.85,0.0626,Wuhan,2,office,L,315,6,6,2,1,0,0,0,0,,,0.0,0.0,0.0,cold,0.9668,0,0,0.0,9,23,51.0,105.0,61.0,60.42857142857143,19.839834868744447,58.107142857142854,1.0,18.837142857142858,6.0
2024-06-10,S001,beverages,86,1405.36,21.27,24.71,0.0711,Wuhan,2,office,L,315,0,6,2,0,0,0,0,1,C5609,bundle,0.168,0.0,0.0,cold,1.1887,0,1,0.168,10,24,58.0,56.0,56.0,53.714285714285715,3.3022358947782795,58.107142857142854,0.0,18.907142857142855,7.0
2024-06-11,S001,beverages,53,924.2,19.16,28.58,0.0703,Wuhan,2,office,L,315,1,6,2,0,0,0,0,0,,,0.0,0.0,0.1776,cold,1.1063,0,0,0.0,11,24,86.0,56.0,61.0,58.0,12.741009902410942,59.285714285714285,1.0,21.665714285714284,0.0
2024-06-12,S001,beverages,52,939.78,0.18,33.64,0.053,Wuhan,2,office,L,315,2,6,2,0,0,0,0,0,,,0.0,0.0,0.0,cold,1.051,0,0,0.0,12,24,53.0,50.0,57.0,57.57142857142857,12.869306415617276,59.25,1.0,20.919999999999998,1.0
2024-06-13,S001,beverages,50,863.21,19.0,35.48,0.0619,Wuhan,2,office,L,315,3,6,2,0,0,0,0,0,,,0.0,0.0,0.0932,cold,1.0741,0,0,0.0,13,24,52.0,50.0,55.0,57.857142857142854,12.694205652298905,59.214285714285715,1.0,18.02285714285714,2.0
2024-06-14,S001,beverages,53,988.28,13.74,37.73,0.0592,Wuhan,2,office,L,315,4,6,2,0,0,0,0,0,,,0.0,0.0,0.4182,cold,1.0412,0,0,0.0,14,24,50.0,55.0,54.0,57.857142857142854,12.694205652298905,58.82142857142857,1.0,17.18285714285714,3.0
2024-06-15,S001,beverages,57,1067.94,21.34,28.44,0.0553,Wuhan,2,office,L,315,5,6,3,1,0,0,1,0,,,0.0,0.0,0.0,cold,0.9529,0,0,0.0,15,24,53.0,51.0,60.0,57.57142857142857,12.791366135759228,58.642857142857146,1.0,15.232857142857142,4.0
2024-06-16,S001,beverages,59,1171.79,30.59,34.98,0.0621,Wuhan,2,office,L,315,6,6,3,1,0,0,1,0,,,0.0,0.0,0.3318,cold,0.9332,0,0,0.0,16,24,57.0,58.0,105.0,58.42857142857143,12.47473637473145,58.642857142857146,1.0,15.184285714285716,5.0
2024-06-17,S001,beverages,48,869.01,23.34,33.27,0.0672,Wuhan,2,office,L,315,0,6,3,0,0,0,0,0,,,0.0,0.0,0.2097,cold,1.0484,0,0,0.0,17,25,59.0,86.0,56.0,58.57142857142857,12.474736374731451,58.5,1.0,17.897142857142857,6.0
2024-06-18,S001,beverages,51,896.56,12.34,34.34,0.0624,Wuhan,2,office,L,315,1,6,3,0,0,0,0,0,,,0.0,0.0,0.0313,cold,1.0946,0,0,0.0,18,25,48.0,53.0,56.0,53.142857142857146,3.804758924845398,58.535714285714285,0.0,18.192857142857143,7.0
2024-06-19,S001,beverages,46,778.34,13.68,31.84,0.0722,Wuhan,2,office,L,315,2,6,3,0,0,0,0,0,,,0.0,0.0,0.2308,cold,1.0927,0,0,0.0,19,25,51.0,52.0,50.0,52.857142857142854,3.8913824205360967,58.42857142857143,0.0,17.21857142857143,8.0
2024-06-20,S001,beverages,50,826.56,12.49,29.32,0.0535,Wuhan,2,office,L,315,3,6,3,0,0,0,0,0,,,0.0,0.0,0.0,cold,1.0884,0,0,0.0,20,25,46.0,50.0,50.0,52.0,4.690415759823451,58.214285714285715,0.0,19.147142857142857,9.0
2024-06-21,S001,beverages,44,836.55,6.36,37.15,0.0737,Wuhan,2,office,L,315,4,6,3,0,0,0,0,0,,,0.0,0.0,0.0521,cold,1.1565,0,0,0.0,21,25,50.0,53.0,55.0,52.0,4.690415759823451,58.107142857142854,0.0,18.217142857142857,10.0
2024-06-22,S001,beverages,54,958.97,0.0,34.5,0.054,Wuhan,2,office,L,315,5,6,4,1,0,0,0,0,,,0.0,0.0,0.0313,cold,0.9961,0,0,0.0,22,25,44.0,57.0,51.0,50.714285714285715,5.5291435658181936,56.964285714285715,0.0,17.162857142857142,11.0
2024-06-23,S001,beverages,59,1164.07,13.43,39.64,0.0686,Wuhan,2,office,L,315,6,6,4,1,0,0,0,0,,,0.0,0.0,0.0905,cold,1.0,1,0,0.0,23,25,54.0,59.0,58.0,50.285714285714285,5.056820005836545,56.714285714285715,0.0,14.114285714285714,12.0
2024-06-24,S001,beverages,48,874.54,13.89,25.92,0.0544,Wuhan,2,office,L,315,0,6,4,0,0,0,0,0,,,0.0,0.0,0.0,cold,1.0918,0,0,0.0,24,26,59.0,48.0,86.0,50.285714285714285,5.056820005836545,56.642857142857146,0.0,11.662857142857144,13.0
2024-06-25,S001,beverages,48,913.24,26.92,34.11,0.0708,Wuhan,2,office,L,315,1,6,4,0,0,0,0,0,,,0.0,0.0,0.4613,cold,1.0458,0,0,0.0,25,26,48.0,51.0,53.0,50.285714285714285,5.056820005836545,56.357142857142854,0.0,10.312857142857142,14.0
2024-06-26,S001,beverages,47,896.92,32.31,33.71,0.0691,Wuhan,2,office,L,315,2,6,4,0,0,0,0,0,,,0.0,0.0,0.5105,cold,1.036,0,0,0.0,26,26,48.0,46.0,52.0,49.857142857142854,5.113008619478093,55.892857142857146,0.0,12.395714285714286,15.0
2024-06-27,S001,beverages,54,1012.4,4.54,35.54,0.0693,Wuhan,2,office,L,315,3,6,4,0,0,0,0,0,,,0.0,0.0,0.2676,cold,1.0357,0,0,0.0,27,26,47.0,50.0,50.0,50.0,5.000000000000013,55.535714285714285,0.0,15.057142857142859,16.0
2024-06-28,S001,beverages,52,1055.13,23.93,30.96,0.0695,Wuhan,2,office,L,315,4,6,4,0,0,0,1,0,,,0.0,0.0,0.1641,cold,1.0602,0,0,0.0,28,26,54.0,44.0,53.0,50.57142857142857,5.223572942509222,55.5,0.0,13.921428571428573,17.0
2024-06-29,S001,beverages,63,1071.89,4.01,29.87,0.0511,Wuhan,2,office,L,315,5,6,5,1,0,0,1,0,,,0.0,0.0,0.2244,cold,0.9566,0,0,0.0,29,26,52.0,54.0,57.0,51.714285714285715,4.347960660443253,55.42857142857143,0.0,16.431428571428572,18.0
2024-06-30,S001,beverages,68,1135.63,15.31,34.18,0.0785,Wuhan,2,office,L,315,6,6,5,1,0,1,1,0,,,0.0,0.0,0.1187,cold,0.9453,1,0,0.0,30,26,63.0,59.0,59.0,53.0,6.11010092660781,55.535714285714285,0.0,17.004285714285714,19.0
2024-07-01,S001,beverages,53,832.61,14.17,28.42,0.0731,Wuhan,2,office,L,315,0,7,1,0,1,0,1,0,,,0.0,0.0,0.1468,cold,1.083,0,0,0.0,1,27,68.0,48.0,48.0,54.285714285714285,8.179533110438655,54.214285714285715,0.0,17.27285714285714,20.0
2024-07-02,S001,beverages,51,761.01,14.21,26.61,0.0721,Wuhan,2,office,L,315,1,7,1,0,0,0,1,0,,,0.0,0.0,0.1016,cold,1.0588,0,0,0.0,2,27,53.0,48.0,51.0,55.0,7.745966692414859,54.107142857142854,0.0,17.312857142857144,21.0
2024-07-03,S001,beverages,55,970.28,26.42,39.77,0.0769,Wuhan,2,office,L,315,2,7,1,0,0,0,1,0,,,0.0,0.0,0.5336,cold,1.0708,0,0,0.0,3,27,51.0,47.0,46.0,55.42857142857143,7.3678839761301,53.92857142857143,0.0,15.497142857142858,22.0
2024-07-04,S001,beverages,74,1161.65,20.72,26.64,0.0735,Wuhan,2,office,L,315,3,7,1,0,0,0,0,0,C8366,discount,0.212,0.0,0.1608,cold,1.0694,0,1,0.212,4,27,55.0,54.0,50.0,56.57142857142857,6.39940473422188,54.107142857142854,0.0,14.655714285714286,23.0
2024-07-05,S001,beverages,47,846.47,39.44,32.41,0.0765,Wuhan,2,office,L,315,4,7,1,0,0,0,0,0,,,0.0,0.0,0.2247,cold,1.0325,0,0,0.0,5,27,74.0,52.0,44.0,59.42857142857143,8.997354108424405,54.964285714285715,1.0,16.967142857142857,0.0
2024-07-06,S001,beverages,58,1000.5,14.77,29.59,0.0679,Wuhan,2,office,L,315,5,7,1,1,0,0,0,0,,,0.0,0.0,0.0,cold,0.9049,0,0,0.0,6,27,47.0,63.0,54.0,58.714285714285715,9.844021632684603,54.67857142857143,1.0,19.18285714285714,1.0
2024-07-07,S001,beverages,57,1025.48,24.33,32.56,0.0578,Wuhan,2,office,L,315,6,7,1,1,0,0,0,0,,,0.0,0.0,0.4198,cold,1.0028,0,0,0.0,7,27,58.0,68.0,59.0,58.0,9.660917830792986,54.92857142857143,1.0,20.720000000000002,2.0
2024-07-08,S001,beverages,43,799.35,9.48,36.97,0.0635,Wuhan,2,office,L,315,0,7,2,0,0,0,0,0,,,0.0,0.0,0.3992,cold,1.0519,0,0,0.0,8,28,57.0,53.0,48.0,56.42857142857143,8.599557020706436,54.892857142857146,1.0,22.00857142857143,3.0
2024-07-09,S001,beverages,43,841.35,5.43,35.81,0.0561,Wuhan,2,office,L,315,1,7,2,0,0,0,0,0,,,0.0,0.0,0.4922,cold,1.0726,0,0,0.0,9,28,43.0,51.0,48.0,55.0,9.983319421247977,53.357142857142854,1.0,21.33857142857143,4.0
2024-07-10,S001,beverages,54,913.78,10.41,30.03,0.0639,Wuhan,2,office,L,315,2,7,2,0,0,0,0,0,,,0.0,0.0,0.2279,cold,1.1489,1,0,0.0,10,28,43.0,55.0,47.0,53.857142857142854,10.930516478016525,53.0,1.0,20.084285714285716,5.0
2024-07-11,S001,beverages,41,769.29,24.71,34.62,0.0826,Wuhan,2,office,L,315,3,7,2,0,0,0,0,0,,,0.0,0.0,0.542,cold,1.1379,0,0,0.0,11,28,54.0,74.0,54.0,53.714285714285715,10.919619738713228,53.07142857142857,1.0,17.797142857142855,6.0
2024-07-12,S001,beverages,48,825.39,12.47,38.08,0.0613,Wuhan,2,office,L,315,4,7,2,0,0,0,0,0,,,0.0,0.0,0.2221,cold,1.0287,0,0,0.0,12,28,41.0,47.0,52.0,49.0,7.1879528842826135,52.75,0.0,18.367142857142856,7.0
2024-07-13,S001,beverages,51,987.83,22.36,37.54,0.0642,Wuhan,2,office,L,315,5,7,2,1,0,0,0,0,,,0.0,0.0,0.4375,cold,0.9421,0,0,0.0,13,28,48.0,58.0,63.0,49.142857142857146,7.151423434733621,52.57142857142857,0.0,14.514285714285714,8.0
2024-07-14,S001,beverages,45,819.64,14.33,42.4,0.0624,Wuhan,2,office,L,315,6,7,2,1,0,0,0,0,,,0.0,0.0,0.4256,cold,0.8757,0,0,0.0,14,28,51.0,57.0,68.0,48.142857142857146,6.121780008803852,52.357142857142854,0.0,15.598571428571429,9.0
2024-07-15,S001,beverages,49,893.41,29.58,38.03,0.0745,Wuhan,2,office,L,315,0,7,3,0,0,0,1,0,,,0.0,0.0,0.2707,cold,1.0913,0,0,0.0,15,29,45.0,43.0,53.0,46.42857142857143,4.755948656056701,51.857142857142854,0.0,14.170000000000002,10.0
2024-07-16,S001,beverages,39,717.14,32.72,42.24,0.0916,Wuhan,2,office,L,315,1,7,3,0,0,0,1,0,,,0.0,0.0,0.5884,cold,1.0658,0,0,0.0,16,29,49.0,43.0,51.0,47.285714285714285,4.572172558506718,51.892857142857146,0.0,17.041428571428572,11.0
2024-07-17,S001,beverages,45,773.61,15.0,34.71,0.0532,Wuhan,2,office,L,315,2,7,3,0,0,0,0,0,,,0.0,0.0,0.3601,cold,1.078,0,0,0.0,17,29,39.0,54.0,55.0,46.714285714285715,5.376314900074384,51.464285714285715,0.0,20.939999999999998,12.0
2024-07-18,S001,beverages,42,776.32,22.62,33.77,0.0634,Wuhan,2,office,L,315,3,7,3,0,0,0,0,0,,,0.0,0.0,0.3846,cold,1.0556,0,0,0.0,18,29,45.0,41.0,74.0,45.42857142857143,4.314979445958865,51.42857142857143,0.0,21.595714285714283,13.0
2024-07-19,S001,beverages,59,919.39,27.79,29.94,0.0705,Wuhan,2,office,L,315,4,7,3,0,0,0,0,0,C8522,free_delivery,0.089,0.0,0.4872,cold,1.0475,0,1,0.089,19,29,42.0,48.0,47.0,45.57142857142857,4.157609203101483,51.142857142857146,0.0,21.29714285714286,14.0
2024-07-20,S001,beverages,57,951.71,5.27,26.42,0.0598,Wuhan,2,office,L,315,5,7,3,1,0,0,0,0,,,0.0,0.0,0.2914,cold,0.9994,1,0,0.0,20,29,59.0,51.0,58.0,47.142857142857146,6.593647736738019,51.67857142857143,1.0,23.485714285714288,0.0
2024-07-21,S001,beverages,84,1354.36,23.55,27.39,0.0579,Wuhan,2,office,L,315,6,7,3,1,0,0,0,0,C2578,coupon,0.252,1.0,0.3973,cold,0.9324,0,1,0.252,21,29,57.0,45.0,57.0,48.0,7.505553499465133,51.785714285714285,1.0,21.044285714285714,1.0
2024-07-22,S001,beverages,45,887.2,31.17,40.38,0.0792,Wuhan,2,office,L,315,0,7,4,0,0,0,0,0,,,0.0,0.0,0.6343,cold,1.0959,0,0,0.0,22,30,84.0,49.0,43.0,53.57142857142857,15.31727938045944,52.67857142857143,2.0,22.361428571428572,0.0
2024-07-23,S001,beverages,48,883.22,40.77,35.39,0.0705,Wuhan,2,office,L,315,1,7,4,0,0,0,0,0,,,0.0,0.0,0.5089,cold,1.0148,0,0,0.0,23,30,45.0,39.0,43.0,53.0,15.588457268119903,52.57142857142857,2.0,22.58857142857143,1.0
2024-07-24,S001,beverages,63,886.42,34.17,39.58,0.079,Wuhan,2,office,L,315,2,7,4,0,0,0,0,0,C8231,coupon,0.218,0.0,0.3714,cold,1.041,0,1,0.218,24,30,48.0,45.0,54.0,54.285714285714285,14.579829511054953,52.57142857142857,2.0,23.73857142857143,2.0
2024-07-25,S001,beverages,56,1069.53,19.11,31.43,0.0546,Wuhan,2,office,L,315,3,7,4,0,0,0,0,0,,,0.0,0.0,0.0797,cold,1.0161,0,0,0.0,25,30,63.0,42.0,41.0,56.857142857142854,14.252819269985064,53.142857142857146,3.0,26.47714285714286,0.0
2024-07-26,S001,beverages,41,737.48,16.7,39.21,0.0711,Wuhan,2,office,L,315,4,7,4,0,0,0,0,0,,,0.0,0.0,0.4127,cold,1.0383,0,0,0.0,26,30,56.0,59.0,48.0,58.857142857142854,12.720437249148489,53.214285714285715,3.0,25.975714285714282,1.0
2024-07-27,S001,beverages,47,832.12,20.54,36.19,0.0956,Wuhan,2,office,L,315,5,7,4,1,0,0,0,0,,,0.0,0.0,0.3557,cold,0.9936,0,0,0.0,27,30,41.0,57.0,51.0,56.285714285714285,14.395766573479012,52.82142857142857,2.0,24.391428571428573,2.0
2024-07-28,S001,beverages,50,918.04,34.57,38.76,0.0953,Wuhan,2,office,L,315,6,7,4,1,0,0,1,0,,,0.0,0.0,0.5676,cold,0.9581,0,0,0.0,28,30,47.0,84.0,45.0,54.857142857142854,14.803474495633028,52.25,2.0,26.572857142857146,3.0
2024-07-29,S001,beverages,44,804.35,16.86,37.52,0.0639,Wuhan,2,office,L,315,0,7,5,0,0,0,1,0,,,0.0,0.0,0.4345,cold,1.0206,0,0,0.0,29,31,50.0,45.0,49.0,50.0,7.348469228349546,51.607142857142854,1.0,28.14714285714286,4.0
2024-07-30,S001,beverages,43,819.43,38.89,36.24,0.0771,Wuhan,2,office,L,315,1,7,5,0,0,0,1,0,,,0.0,0.0,0.3253,cold,1.0853,0,0,0.0,30,31,44.0,48.0,39.0,49.857142857142854,7.470577207252728,51.285714285714285,1.0,26.102857142857143,5.0
2024-07-31,S001,beverages,43,725.48,16.56,36.46,0.077,Wuhan,2,office,L,315,2,7,5,0,0,1,1,0,,,0.0,0.0,0.4707,cold,1.0929,0,0,0.0,31,31,43.0,63.0,45.0,49.142857142857146,7.904188160474838,51.0,1.0,25.83428571428571,6.0
2024-08-01,S001,beverages,60,1134.74,15.78,32.35,0.0675,Wuhan,2,office,L,315,3,8,1,0,1,0,1,0,,,0.0,0.0,0.3391,mild,1.0707,0,0,0.0,1,31,43.0,56.0,42.0,46.285714285714285,5.21901286050295,50.57142857142857,0.0,23.318571428571428,7.0
2024-08-02,S001,beverages,58,1077.77,32.1,27.6,0.0694,Wuhan,2,office,L,315,4,8,1,0,0,0,1,0,,,0.0,0.0,0.7637,mild,1.0107,0,0,0.0,2,31,60.0,41.0,59.0,46.857142857142854,6.517376042257379,50.07142857142857,0.0,22.842857142857145,8.0
2024-08-03,S001,beverages,70,1301.05,35.76,44.24,0.0865,Wuhan,2,office,L,315,5,8,1,1,0,0,1,0,C3245,discount,0.05,0.0,0.9986,mild,0.9391,0,1,0.05,3,31,58.0,47.0,57.0,49.285714285714285,7.111359122659235,50.464285714285715,0.0,25.042857142857144,9.0
2024-08-04,S001,beverages,57,1082.79,26.02,31.21,0.0638,Wuhan,2,office,L,315,6,8,1,1,0,0,0,0,,,0.0,0.0,0.3976,mild,0.8392,0,0,0.0,4,31,70.0,50.0,84.0,52.57142857142857,10.422046229941989,50.892857142857146,1.0,27.217142857142857,0.0
2024-08-05,S001,beverages,38,638.46,28.05,31.52,0.0743,Wuhan,2,office,L,315,0,8,1,0,0,0,0,0,,,0.0,0.0,0.6568,mild,1.0335,0,0,0.0,5,32,57.0,44.0,45.0,53.57142857142857,10.46991153826278,50.892857142857146,1.0,25.995714285714282,1.0
2024-08-06,S001,beverages,42,817.36,33.01,39.2,0.0738,Wuhan,2,office,L,315,1,8,1,0,0,0,0,0,,,0.0,0.0,0.6859,mild,1.0,0,0,0.0,6,32,38.0,43.0,48.0,52.714285714285715,11.571722512433587,50.714285714285715,1.0,27.594285714285714,2.0
2024-08-07,S001,beverages,64,1137.16,31.43,42.78,0.0851,Wuhan,2,office,L,315,2,8,1,0,0,0,0,0,C2586,discount,0.154,0.0,0.4872,mild,1.0399,0,1,0.154,7,32,42.0,43.0,63.0,52.57142857142857,11.716898663286061,50.67857142857143,1.0,26.75428571428571,3.0
2024-08-08,S001,beverages,57,1059.76,33.55,42.91,0.0728,Wuhan,2,office,L,315,3,8,2,0,0,0,0,0,,,0.0,0.0,0.3093,mild,1.0786,0,0,0.0,8,32,64.0,60.0,56.0,55.57142857142857,11.544943234408514,51.035714285714285,2.0,28.87857142857143,0.0
2024-08-09,S001,beverages,46,838.27,42.48,38.3,0.0798,Wuhan,2,office,L,315,4,8,2,0,0,0,0,0,,,0.0,0.0,0.6442,mild,1.078,0,0,0.0,9,32,57.0,58.0,41.0,55.142857142857146,11.408017231002843,51.607142857142854,2.0,31.41714285714286,1.0
2024-08-10,S001,beverages,49,946.98,21.6,37.5,0.0687,Wuhan,2,office,L,315,5,8,2,1,0,0,0,0,,,0.0,0.0,0.2936,mild,0.9697,0,0,0.0,10,32,46.0,70.0,47.0,53.42857142857143,11.801936887041668,51.535714285714285,2.0,32.9,2.0
2024-08-11,S001,beverages,51,938.15,24.38,33.31,0.0713,Wuhan,2,office,L,315,6,8,2,1,0,0,0,0,,,0.0,0.0,0.5325,mild,0.9919,0,0,0.0,11,32,49.0,57.0,50.0,50.42857142857143,9.289010404005074,51.464285714285715,1.0,30.877142857142854,3.0
2024-08-12,S001,beverages,47,862.15,32.24,41.04,0.0636,Wuhan,2,office,L,315,0,8,2,0,0,0,0,0,,,0.0,0.0,0.8142,mild,1.1278,0,0,0.0,12,33,51.0,38.0,44.0,49.57142857142857,8.847921466972593,51.67857142857143,1.0,30.642857142857142,4.0
2024-08-13,S001,beverages,74,1231.59,46.11,34.36,0.0783,Wuhan,2,office,L,315,1,8,2,0,0,0,0,0,C2648,discount,0.234,1.0,0.403,mild,0.9825,0,1,0.234,13,33,47.0,42.0,43.0,50.857142857142854,7.425823667638317,51.607142857142854,1.0,31.24142857142857,5.0
2024-08-14,S001,beverages,64,1029.2,24.76,35.16,0.0719,Wuhan,2,office,L,315,2,8,2,0,0,0,0,0,C9509,bundle,0.121,0.0,0.6081,mild,1.0402,0,1,0.121,14,33,74.0,64.0,43.0,55.42857142857143,10.341778423094436,52.857142857142854,2.0,33.112857142857145,0.0
2024-08-15,S001,beverages,55,963.89,19.43,39.34,0.08,Wuhan,2,office,L,315,3,8,3,0,0,0,1,0,,,0.0,0.0,0.4414,mild,1.053,0,0,0.0,15,33,64.0,57.0,60.0,55.42857142857143,10.341778423094436,53.535714285714285,2.0,32.160000000000004,0.0
2024-08-16,S001,beverages,49,831.71,26.02,36.57,0.0641,Wuhan,2,office,L,315,4,8,3,0,0,0,1,0,,,0.0,0.0,0.4045,mild,1.0656,0,0,0.0,16,33,55.0,46.0,58.0,55.142857142857146,10.318730080595728,54.0,2.0,30.142857142857142,1.0
2024-08-17,S001,beverages,51,831.15,30.31,44.21,0.0796,Wuhan,2,office,L,315,5,8,3,1,0,0,0,0,,,0.0,0.0,0.6513,mild,0.9999,0,0,0.0,17,33,49.0,49.0,70.0,55.57142857142857,9.930712341974685,53.642857142857146,2.0,27.791428571428572,2.0
2024-08-18,S001,beverages,52,875.42,27.97,38.59,0.0747,Wuhan,2,office,L,315,6,8,3,1,0,0,0,0,,,0.0,0.0,0.6231,mild,0.8565,0,0,0.0,18,33,51.0,51.0,57.0,55.857142857142854,9.737018219636056,53.42857142857143,2.0,29.035714285714285,3.0
2024-08-19,S001,beverages,46,782.35,33.13,38.58,0.0789,Wuhan,2,office,L,315,0,8,3,0,0,0,0,0,,,0.0,0.0,0.7674,mild,1.008,0,0,0.0,19,34,52.0,47.0,38.0,56.0,9.660917830792997,52.285714285714285,2.0,29.548571428571428,4.0
2024-08-20,S001,beverages,45,790.5,29.97,35.9,0.0708,Wuhan,2,office,L,315,1,8,3,0,0,0,0,0,,,0.0,0.0,0.6992,mild,1.1288,0,0,0.0,20,34,46.0,74.0,42.0,55.857142857142854,9.822229404579755,52.32142857142857,2.0,29.67571428571429,5.0
2024-08-21,S001,beverages,50,873.7,26.81,38.51,0.0776,Wuhan,2,office,L,315,2,8,3,0,0,0,0,0,,,0.0,0.0,0.5307,mild,1.0679,0,0,0.0,21,34,45.0,64.0,64.0,51.714285714285715,6.4216894379980385,52.214285714285715,1.0,27.369999999999997,6.0
2024-08-22,S001,beverages,70,1027.76,17.2,36.41,0.0551,Wuhan,2,office,L,315,3,8,4,0,0,0,0,0,C4104,bundle,0.169,0.0,0.627,mild,1.112,0,1,0.169,22,34,50.0,55.0,57.0,49.714285714285715,3.4503277967117882,51.75,0.0,27.662857142857142,7.0
2024-08-23,S001,beverages,39,616.86,32.74,35.55,0.0809,Wuhan,2,office,L,315,4,8,4,0,0,0,0,0,,,0.0,0.0,0.6846,mild,1.0878,0,0,0.0,23,34,70.0,49.0,46.0,51.857142857142854,8.395009855633928,52.25,1.0,27.344285714285714,0.0
2024-08-24,S001,beverages,42,738.81,32.94,47.44,0.0713,Wuhan,2,office,L,315,5,8,4,1,0,0,0,0,,,0.0,0.0,0.8222,mild,0.956,0,0,0.0,24,34,39.0,51.0,49.0,50.42857142857143,9.710083124552254,52.17857142857143,1.0,28.304285714285715,1.0
2024-08-25,S001,beverages,46,824.39,34.7,38.45,0.0759,Wuhan,2,office,L,315,6,8,4,1,0,0,0,0,,,0.0,0.0,0.714,mild,0.9651,0,0,0.0,25,34,42.0,52.0,51.0,49.142857142857146,10.205040771249138,52.0,1.0,28.68,2.0
2024-08-26,S001,beverages,41,667.32,32.05,,0.0857,Wuhan,2,office,L,315,0,8,4,0,0,0,0,0,,,0.0,0.0,0.5736,mild,1.119,0,0,0.0,26,35,46.0,46.0,47.0,48.285714285714285,10.177004891982147,51.857142857142854,1.0,29.641428571428573,3.0
2024-08-27,S001,beverages,46,786.98,38.24,35.04,0.0718,Wuhan,2,office,L,315,1,8,4,0,0,0,0,0,,,0.0,0.0,0.5109,mild,1.0772,0,0,0.0,27,35,41.0,45.0,74.0,47.57142857142857,10.53339361043633,51.75,1.0,29.48714285714286,4.0
2024-08-28,S001,beverages,47,812.92,42.52,37.06,0.0742,Wuhan,2,office,L,315,2,8,4,0,0,0,1,0,,,0.0,0.0,0.5996,mild,1.1084,0,0,0.0,28,35,46.0,50.0,64.0,47.714285714285715,10.49943309127189,51.857142857142854,1.0,30.668571428571425,5.0
2024-08-29,S001,beverages,45,848.85,29.01,34.98,0.0631,Wuhan,2,office,L,315,3,8,5,0,0,0,1,0,,,0.0,0.0,0.732,mild,0.9493,0,0,0.0,29,35,47.0,70.0,55.0,47.285714285714285,10.451702982676803,52.0,1.0,32.91285714285714,6.0
2024-08-30,S001,beverages,42,717.66,36.49,44.26,0.062,Wuhan,2,office,L,315,4,8,5,0,0,0,1,0,,,0.0,0.0,0.7795,mild,1.0886,0,0,0.0,30,35,45.0,39.0,49.0,43.714285714285715,3.0394235042347852,51.464285714285715,0.0,34.6,7.0
2024-08-31,S001,beverages,55,934.78,16.89,43.46,0.0589,Wuhan,2,office,L,315,5,8,5,1,0,1,1,0,,,0.0,0.0,0.6884,mild,0.9434,0,0,0.0,31,35,42.0,42.0,51.0,44.142857142857146,2.4102953780654075,50.892857142857146,0.0,35.135714285714286,8.0
2024-09-01,S001,beverages,62,1111.29,34.98,32.51,0.0741,Wuhan,2,office,L,315,6,9,1,1,1,0,1,0,,,0.0,0.0,0.6971,mild,0.8995,0,0,0.0,1,35,55.0,46.0,52.0,46.0,4.546060565661932,50.357142857142854,0.0,32.84285714285714,9.0
2024-09-02,S001,beverages,40,676.54,35.61,41.29,0.0711,Wuhan,2,office,L,315,0,9,1,0,0,0,1,0,,,0.0,0.0,0.5462,mild,1.1303,0,0,0.0,2,36,62.0,41.0,46.0,48.285714285714285,7.565586245499766,50.535714285714285,0.0,32.88285714285714,10.0
2024-09-03,S001,beverages,45,729.9,32.89,28.85,0.0651,Wuhan,2,office,L,315,1,9,1,0,0,0,1,0,,,0.0,0.0,0.7886,mild,1.0495,0,0,0.0,3,36,40.0,46.0,45.0,48.142857142857146,7.733661733585444,50.607142857142854,0.0,33.39142857142857,11.0
2024-09-04,S001,beverages,36,671.62,50.47,47.57,0.0983,Wuhan,2,office,L,315,2,9,1,0,0,0,0,0,,,0.0,0.0,0.9249,mild,0.9831,0,0,0.0,4,36,45.0,47.0,50.0,48.0,7.788880963698614,50.714285714285715,0.0,32.62714285714286,12.0
2024-09-05,S001,beverages,43,714.66,31.56,41.89,0.0712,Wuhan,2,office,L,315,3,9,1,0,0,0,0,0,,,0.0,0.0,0.7539,mild,1.0792,0,0,0.0,5,36,36.0,45.0,70.0,46.42857142857143,9.034326074425667,49.714285714285715,0.0,33.76285714285714,13.0
2024-09-06,S001,beverages,44,911.0,28.79,33.13,0.0816,Wuhan,2,office,L,315,4,9,1,0,0,0,0,0,,,0.0,0.0,0.4402,mild,1.038,0,0,0.0,6,36,43.0,42.0,39.0,46.142857142857146,9.118270512704532,49.214285714285715,0.0,34.12714285714286,14.0
2024-09-07,S001,beverages,71,1231.29,33.69,38.91,0.1086,Wuhan,2,office,L,315,5,9,1,1,0,0,0,0,C1844,coupon,0.115,0.0,0.6391,mild,0.9888,0,1,0.115,7,36,44.0,55.0,42.0,46.42857142857143,8.997354108424366,49.142857142857146,0.0,33.027142857142856,15.0
2024-09-08,S001,beverages,70,1158.79,29.07,35.6,0.0724,Wuhan,2,office,L,315,6,9,2,1,0,0,0,0,C1464,bundle,0.171,0.0,0.8395,mild,0.9563,0,1,0.171,8,36,71.0,62.0,46.0,48.714285714285715,12.776466461353674,49.92857142857143,1.0,35.42714285714286,0.0
2024-09-09,S001,beverages,43,828.13,45.21,47.6,0.0768,Wuhan,2,office,L,315,0,9,2,0,0,0,0,0,,,0.0,0.0,0.7684,mild,1.1016,0,0,0.0,9,37,70.0,40.0,41.0,49.857142857142854,14.41560001559158,50.607142857142854,2.0,34.582857142857144,0.0
2024-09-10,S001,beverages,37,660.34,34.2,45.16,0.103,Wuhan,2,office,L,315,1,9,2,0,0,0,0,0,,,0.0,0.0,0.8775,mild,1.0099,0,0,0.0,10,37,43.0,45.0,46.0,50.285714285714285,14.115172518892408,50.464285714285715,2.0,35.95428571428572,1.0
2024-09-11,S001,beverages,41,694.26,30.07,40.6,0.0606,Wuhan,2,office,L,315,2,9,2,0,0,0,0,0,,,0.0,0.0,0.8741,mild,1.0872,0,0,0.0,11,37,37.0,36.0,47.0,49.142857142857146,14.915635771772875,49.142857142857146,2.0,36.14142857142857,2.0
2024-09-12,S001,beverages,46,841.72,35.13,38.31,0.0822,Wuhan,2,office,L,315,3,9,2,0,0,0,0,0,,,0.0,0.0,0.7184,mild,1.1296,0,0,0.0,12,37,41.0,43.0,45.0,49.857142857142854,14.287856982166966,48.32142857142857,2.0,33.22714285714286,3.0
2024-09-13,S001,beverages,41,741.56,45.56,33.79,0.0889,Wuhan,2,office,L,315,4,9,2,0,0,0,0,0,,,0.0,0.0,0.8953,mild,1.0938,0,0,0.0,13,37,46.0,44.0,42.0,50.285714285714285,14.09153748075166,48.0,2.0,33.73714285714286,4.0
2024-09-14,S001,beverages,73,1165.41,34.28,33.6,0.0715,Wuhan,2,office,L,315,5,9,2,1,0,0,0,0,C3141,bundle,0.254,0.0,0.7691,mild,0.9239,0,1,0.254,14,37,41.0,71.0,55.0,49.857142857142854,14.357675896288276,47.714285714285715,2.0,36.13285714285714,5.0
2024-09-15,S001,beverages,56,1061.54,46.66,48.03,0.0837,Wuhan,2,office,L,315,6,9,3,1,0,0,1,1,,,0.0,0.0,1.0,mild,1.0669,0,0,0.0,15,37,73.0,70.0,62.0,50.142857142857146,14.859660958767668,48.5,2.0,36.21714285714286,0.0
2024-09-16,S001,beverages,49,938.84,58.43,40.57,0.0866,Wuhan,2,office,L,315,0,9,3,0,0,0,1,1,,,0.0,0.0,1.0,mild,1.183,0,0,0.0,16,38,56.0,43.0,40.0,48.142857142857146,12.495713550768409,48.642857142857146,1.0,38.730000000000004,1.0
2024-09-17,S001,beverages,54,1018.37,26.46,37.21,0.0776,Wuhan,2,office,L,315,1,9,3,0,0,0,0,1,,,0.0,0.0,0.81,mild,1.131,0,0,0.0,17,38,49.0,37.0,45.0,49.0,12.288205727444513,48.75,1.0,40.61857142857143,2.0
2024-09-18,S001,beverages,41,723.6,32.77,30.86,0.078,Wuhan,2,office,L,315,2,9,3,0,0,0,0,0,,,0.0,0.0,0.779,mild,1.0465,0,0,0.0,18,38,54.0,41.0,36.0,51.42857142857143,11.14835029435811,49.07142857142857,1.0,39.51285714285715,3.0
2024-09-19,S001,beverages,58,897.92,43.31,45.18,0.087,Wuhan,2,office,L,315,3,9,3,0,0,0,0,0,C8712,discount,0.304,0.0,1.0,mild,1.082,0,1,0.304,19,38,41.0,46.0,43.0,51.42857142857143,11.14835029435811,48.75,1.0,39.89857142857143,4.0
2024-09-20,S001,beverages,36,625.61,39.48,44.98,0.0865,Wuhan,2,office,L,315,4,9,3,0,0,0,0,0,,,0.0,0.0,0.9999,mild,1.0888,0,0,0.0,20,38,58.0,41.0,44.0,53.142857142857146,11.09697513482199,48.32142857142857,2.0,41.06714285714286,0.0
2024-09-21,S001,beverages,45,670.61,30.19,42.09,0.0684,Wuhan,2,office,L,315,5,9,3,1,0,0,0,0,,,0.0,0.0,0.9926,mild,0.9554,0,0,0.0,21,38,36.0,73.0,71.0,52.42857142857143,12.122391717494585,48.214285714285715,2.0,40.19857142857143,1.0
2024-09-22,S001,beverages,42,802.4,38.64,41.9,0.0935,Wuhan,2,office,L,315,6,9,4,1,0,0,0,0,,,0.0,0.0,1.0,mild,0.9565,0,0,0.0,22,38,45.0,56.0,70.0,48.42857142857143,8.182443458550818,48.32142857142857,1.0,39.614285714285714,2.0
2024-09-23,S001,beverages,32,550.81,42.63,43.82,0.0859,Wuhan,2,office,L,315,0,9,4,0,0,0,0,0,,,0.0,0.0,1.0,mild,1.0509,0,0,0.0,23,39,42.0,49.0,43.0,46.42857142857143,7.7213371652225895,48.17857142857143,1.0,38.46857142857142,3.0
2024-09-24,S001,beverages,44,747.97,42.21,40.05,0.0885,Wuhan,2,office,L,315,1,9,4,0,0,0,0,0,,,0.0,0.0,0.9608,mild,1.0456,0,0,0.0,24,39,32.0,54.0,37.0,44.0,9.291573243177561,47.857142857142854,1.0,36.21142857142857,4.0
2024-09-25,S001,beverages,55,932.61,38.6,41.85,0.0902,Wuhan,2,office,L,315,2,9,4,0,0,0,0,0,C9527,discount,0.136,0.0,0.828,mild,1.0503,0,1,0.136,25,39,44.0,41.0,41.0,42.57142857142857,8.202786982831753,47.785714285714285,1.0,38.46142857142858,5.0
2024-09-26,S001,beverages,40,691.78,28.69,46.44,0.096,Wuhan,2,office,L,315,3,9,4,0,0,0,0,0,,,0.0,0.0,0.7797,mild,1.0806,0,0,0.0,26,39,55.0,58.0,46.0,44.57142857142857,9.37829307242959,48.07142857142857,2.0,39.294285714285714,0.0
2024-09-27,S001,beverages,40,673.99,46.13,35.17,0.1033,Wuhan,2,office,L,315,4,9,4,0,0,0,0,0,,,0.0,0.0,1.0,mild,0.966,0,0,0.0,27,39,40.0,36.0,41.0,42.0,7.325753658611952,47.892857142857146,1.0,37.205714285714286,1.0
2024-09-28,S001,beverages,76,1094.36,41.68,42.52,0.0709,Wuhan,2,office,L,315,5,9,4,1,0,0,1,0,C1936,coupon,0.162,0.0,0.8067,mild,0.9681,0,1,0.162,28,39,40.0,45.0,73.0,42.57142857142857,6.924765768773752,47.82142857142857,1.0,38.15571428571428,2.0
2024-09-29,S001,beverages,49,807.93,44.24,38.17,0.0859,Wuhan,2,office,L,315,6,9,5,1,0,0,1,0,,,0.0,0.0,0.8774,mild,0.9459,1,0,0.0,29,39,76.0,42.0,56.0,47.0,14.502873278538061,48.57142857142857,2.0,39.79714285714285,0.0
2024-09-30,S001,beverages,44,787.8,46.73,37.79,0.0765,Wuhan,2,office,L,315,0,9,5,0,0,1,1,0,,,0.0,0.0,1.0,mild,1.0692,0,0,0.0,30,40,49.0,32.0,49.0,48.0,14.341083176199303,48.107142857142854,2.0,40.597142857142856,1.0
2024-10-01,S001,beverages,46,825.08,36.24,50.51,0.1001,Wuhan,2,office,L,315,1,10,1,0,1,0,1,1,,,0.0,0.0,1.0,mild,1.1967,0,0,0.0,1,40,44.0,44.0,54.0,49.714285714285715,12.7372718915039,48.25,2.0,41.182857142857145,2.0
2024-10-02,S001,beverages,52,895.68,44.98,46.24,0.0968,Wuhan,2,office,L,315,2,10,1,0,0,0,1,1,,,0.0,0.0,1.0,mild,1.1517,0,0,0.0,2,40,46.0,55.0,41.0,50.0,12.609520212918497,48.285714285714285,2.0,40.33,3.0
2024-10-03,S001,beverages,54,1052.86,21.81,40.58,0.0518,Wuhan,2,office,L,315,3,10,1,0,0,0,1,1,,,0.0,0.0,0.7556,mild,1.1226,0,0,0.0,3,40,52.0,40.0,58.0,49.57142857142857,12.461368876881641,48.857142857142854,1.0,41.24142857142857,4.0
2024-10-04,S001,beverages,54,937.34,34.92,38.13,0.0811,Wuhan,2,office,L,315,4,10,1,0,0,0,0,1,,,0.0,0.0,0.7627,mild,1.2158,0,0,0.0,4,40,54.0,40.0,36.0,51.57142857142857,11.77365905821329,49.25,1.0,40.25857142857143,5.0
2024-10-05,S001,beverages,58,1003.94,35.84,38.17,0.0971,Wuhan,2,office,L,315,5,10,1,1,0,0,0,1,,,0.0,0.0,0.8635,mild,1.0482,0,0,0.0,5,40,54.0,76.0,45.0,53.57142857142857,10.612212192518955,49.607142857142854,1.0,38.65714285714286,6.0
2024-10-06,S001,beverages,53,987.35,39.74,44.27,0.0834,Wuhan,2,office,L,315,6,10,1,1,0,0,0,1,,,0.0,0.0,0.9407,mild,1.0067,0,0,0.0,6,40,58.0,49.0,42.0,51.0,4.932882862316269,49.142857142857146,0.0,37.82285714285714,7.0
2024-10-07,S001,beverages,48,867.46,36.34,36.9,0.0848,Wuhan,2,office,L,315,0,10,1,0,0,0,0,1,,,0.0,0.0,1.0,mild,1.1802,0,0,0.0,7,41,53.0,44.0,32.0,51.57142857142857,4.89411697371254,48.535714285714285,0.0,37.18,8.0
2024-10-08,S001,beverages,39,685.77,45.12,39.82,0.093,Wuhan,2,office,L,315,1,10,2,0,0,0,0,0,,,0.0,0.0,1.0,mild,1.0697,0,0,0.0,8,41,48.0,46.0,44.0,52.142857142857146,4.017817460121528,48.714285714285715,0.0,35.69571428571429,9.0
2024-10-09,S001,beverages,71,1037.48,48.17,39.47,0.0831,Wuhan,2,office,L,315,2,10,2,0,0,0,0,0,C3218,coupon,0.309,1.0,1.0,mild,1.0633,0,1,0.309,9,41,39.0,52.0,55.0,51.142857142857146,6.121780008803868,48.785714285714285,0.0,36.964285714285715,10.0
2024-10-10,S001,beverages,38,725.59,49.74,36.98,0.0921,Wuhan,2,office,L,315,3,10,2,0,0,0,0,0,,,0.0,0.0,1.0,mild,1.0693,0,0,0.0,10,41,71.0,54.0,40.0,53.857142857142854,9.719886340703313,49.857142857142854,1.0,37.42,0.0
2024-10-11,S001,beverages,46,757.15,35.19,39.33,0.0865,Wuhan,2,office,L,315,4,10,2,0,0,0,0,0,,,0.0,0.0,0.8885,mild,1.1172,0,0,0.0,11,41,38.0,54.0,40.0,51.57142857142857,11.414276774536113,49.57142857142857,1.0,41.410000000000004,1.0
2024-10-12,S001,beverages,48,904.87,37.7,41.56,0.082,Wuhan,2,office,L,315,5,10,2,1,0,0,0,0,,,0.0,0.0,0.6866,mild,0.9229,0,0,0.0,12,41,46.0,58.0,76.0,50.42857142857143,11.530497862294634,49.75,1.0,41.44857142857143,2.0
2024-10-13,S001,beverages,54,992.06,46.59,32.14,0.0795,Wuhan,2,office,L,315,6,10,2,1,0,0,0,0,,,0.0,0.0,1.0,mild,0.9398,0,0,0.0,13,41,48.0,53.0,49.0,49.0,11.045361017187266,48.857142857142854,1.0,41.714285714285715,3.0
2024-10-14,S001,beverages,36,631.2,42.38,40.67,0.08,Wuhan,2,office,L,315,0,10,2,0,0,0,0,0,,,0.0,0.0,1.0,mild,1.0593,0,0,0.0,14,42,54.0,48.0,44.0,49.142857142857146,11.111984092689775,48.785714285714285,1.0,42.69285714285714,4.0
2024-10-15,S001,beverages,46,800.94,38.48,42.81,0.0848,Wuhan,2,office,L,315,1,10,3,0,0,0,1,0,,,0.0,0.0,1.0,mild,1.0367,0,0,0.0,15,42,36.0,39.0,46.0,47.42857142857143,12.190941211368695,48.32142857142857,1.0,43.55571428571428,5.0
2024-10-16,S001,beverages,48,814.98,38.44,41.65,0.0829,Wuhan,2,office,L,315,2,10,3,0,0,0,1,0,,,0.0,0.0,1.0,mild,1.0025,0,0,0.0,16,42,46.0,71.0,52.0,48.42857142857143,11.659861961120338,48.035714285714285,1.0,42.607142857142854,6.0
2024-10-17,S001,beverages,34,572.99,53.78,39.41,0.0676,Wuhan,2,office,L,315,3,10,3,0,0,0,0,0,,,0.0,0.0,0.9243,mild,1.1111,0,0,0.0,17,42,48.0,38.0,54.0,45.142857142857146,6.2029179001652395,48.285714285714285,0.0,41.21714285714286,7.0
2024-10-18,S001,beverages,45,851.66,43.73,37.15,0.0939,Wuhan,2,office,L,315,4,10,3,0,0,0,0,0,,,0.0,0.0,0.9126,mild,1.0507,0,0,0.0,18,42,34.0,46.0,54.0,44.57142857142857,7.091242083423334,47.42857142857143,0.0,41.794285714285714,8.0
2024-10-19,S001,beverages,47,852.79,48.25,42.2,0.08,Wuhan,2,office,L,315,5,10,3,1,0,0,0,0,,,0.0,0.0,0.9757,mild,1.0218,0,0,0.0,19,42,45.0,48.0,58.0,44.42857142857143,7.067699834626593,47.75,0.0,43.01428571428572,9.0
2024-10-20,S001,beverages,52,973.62,29.96,40.06,0.0854,Wuhan,2,office,L,315,6,10,3,1,0,0,0,0,,,0.0,0.0,0.9118,mild,0.9596,0,0,0.0,20,42,47.0,54.0,53.0,44.285714285714285,6.993193970194285,47.82142857142857,0.0,44.52142857142858,10.0
2024-10-21,S001,beverages,36,619.22,25.35,45.57,0.0637,Wuhan,2,office,L,315,0,10,3,0,0,0,0,0,,,0.0,0.0,1.0,mild,1.0167,0,0,0.0,21,43,52.0,36.0,48.0,44.0,6.557438524301985,48.17857142857143,0.0,42.145714285714284,11.0
2024-10-22,S001,beverages,39,667.86,52.26,43.63,0.0807,Wuhan,2,office,L,315,1,10,4,0,0,0,0,0,,,0.0,0.0,1.0,mild,1.119,0,0,0.0,22,43,36.0,46.0,39.0,44.0,6.557438524301985,48.32142857142857,0.0,39.712857142857146,12.0
2024-10-23,S001,beverages,44,732.98,50.24,33.27,0.084,Wuhan,2,office,L,315,2,10,4,0,0,0,0,0,,,0.0,0.0,1.0,mild,1.0644,0,0,0.0,23,43,39.0,48.0,71.0,43.0,6.7330032922413645,48.142857142857146,0.0,41.68142857142857,13.0
2024-10-24,S001,beverages,51,923.03,25.84,35.84,0.0796,Wuhan,2,office,L,315,3,10,4,0,0,0,0,0,,,0.0,0.0,0.4523,mild,1.0088,0,0,0.0,24,43,44.0,34.0,38.0,42.42857142857143,6.399404734221818,47.75,0.0,43.36714285714286,14.0
2024-10-25,S001,beverages,41,698.94,41.42,35.22,0.0691,Wuhan,2,office,L,315,4,10,4,0,0,0,0,0,,,0.0,0.0,0.9822,mild,1.0953,0,0,0.0,25,43,51.0,45.0,46.0,44.857142857142854,5.871642911161265,48.142857142857146,0.0,39.37571428571429,15.0
2024-10-26,S001,beverages,44,823.52,45.58,37.3,0.0805,Wuhan,2,office,L,315,5,10,4,1,0,0,0,0,,,0.0,0.0,0.7959,mild,0.9335,0,0,0.0,26,43,41.0,47.0,48.0,44.285714285714285,6.047431568147621,48.17857142857143,0.0,39.04571428571428,16.0
